Player,Pos,Age,Tm,All Star,G,GS,MP,FG,FGA,FG%,3P,3PA,3P%,2P,2PA,2P%,FT,FTA,FT%,ORB,DRB,TRB,AST,STL,BLK,TOV,PF,PTS
Precious Achiuwa,PF,21,MIA,0,28,2,408,6.4,10.8,0.59,0,0,0,6.4,10.8,0.59,3.3,5.8,0.561,3.2,6.7,9.9,1.5,1.1,1.3,2.6,4.8,16
Jaylen Adams,PG,24,MIL,0,6,0,17,2.1,16.9,0.125,0,4.2,0,2.1,12.7,0.167,0,0,0,0,6.4,6.4,4.2,0,0,0,2.1,4.2
Steven Adams,C,27,NOP,0,27,27,760,4.5,7.4,0.603,0,0,0,4.5,7.3,0.606,1.4,2.9,0.468,5.5,5.8,11.3,2.7,1.2,0.7,2.2,2.4,10.3
Bam Adebayo,C,23,MIA,0,26,26,873,7.9,13.8,0.573,0.1,0.2,0.4,7.8,13.6,0.576,5.4,6.5,0.841,2.1,7.8,9.9,5.7,1,1.1,3.2,2.8,21.4
LaMarcus Aldridge,C,35,SAS,0,18,18,480,8,16.9,0.476,1.8,5,0.358,6.2,11.8,0.525,1.2,1.6,0.762,1.1,4.7,5.9,2.6,0.5,1.2,1.2,2,19
Ty-Shon Alexander,SG,22,PHO,0,3,0,8,0,13.5,0,0,4.5,0,0,9,0,0,0,0,0,4.5,4.5,4.5,0,0,0,4.5,0
Nickeil Alexander-Walker,SG,22,NOP,0,23,3,441,6.3,15.3,0.41,2,7.1,0.276,4.3,8.2,0.525,2,2.6,0.781,0.4,4.6,5,3.8,2,0.7,2.4,3.3,16.6
Grayson Allen,SG,25,MEM,0,19,8,454,4.8,11.1,0.429,3.5,8,0.436,1.3,3.1,0.41,2.6,2.9,0.892,0.6,3.8,4.4,3.1,1.5,0.2,1.6,1.9,15.6
Jarrett Allen,C,22,TOT,0,28,10,734,6,9.3,0.642,0,0.2,0.25,5.9,9.1,0.651,4.9,6.5,0.758,4,8.3,12.4,2.2,0.6,2.3,2.1,2.2,16.9
Jarrett Allen,C,22,BRK,0,12,5,320,5,7.3,0.677,0,0,0,5,7.3,0.677,5.2,6.9,0.754,4.3,9.8,14.1,2.3,0.8,2.1,2.5,2.4,15.1
Jarrett Allen,C,22,CLE,0,16,5,414,6.8,10.9,0.624,0.1,0.3,0.25,6.7,10.5,0.636,4.7,6.2,0.761,3.8,7.2,11,2.2,0.5,2.3,1.8,2,18.3
Al-Farouq Aminu,PF,30,ORL,0,2,0,16,2.3,2.3,1,2.3,2.3,1,0,0,0,0,4.5,0,2.3,6.8,9,4.5,0,0,4.5,0,6.8
Kyle Anderson,PF,27,MEM,0,24,24,675,6.4,13.7,0.467,2.1,5.5,0.388,4.3,8.2,0.519,2.7,3.4,0.781,1.2,6.8,8,4.9,1.4,1,1.8,2.3,17.6
Giannis Antetokounmpo,PF,26,MIL,1,27,27,906,11.1,19.7,0.563,1.2,4.3,0.29,9.9,15.5,0.638,6.8,10.6,0.642,1.9,10.4,12.2,6.2,1.4,1.4,3.9,3.3,30.2
Kostas Antetokounmpo,PF,23,LAL,0,1,0,8,0,9,0,0,0,0,0,9,0,0,0,0,0,18,18,0,0,9,9,4.5,0
Thanasis Antetokounmpo,SF,28,MIL,0,18,0,149,4.1,6.3,0.654,0.5,1.7,0.286,3.6,4.6,0.789,1,1.7,0.571,3.1,4.3,7.5,3.6,1.2,0.7,3.6,6,9.7
Carmelo Anthony,PF,36,POR,0,27,3,683,6.6,16.7,0.396,2.4,6.4,0.377,4.2,10.2,0.407,3.4,4,0.842,0.8,4.2,5,1.8,1.1,1.1,1.3,3,19
Cole Anthony,PG,20,ORL,0,25,17,667,5.5,14.5,0.375,1.5,4.5,0.325,4,10,0.398,2.5,3,0.836,1.1,4.9,6,5.1,0.9,0.6,2.8,2.8,14.8
OG Anunoby,SF,23,TOR,0,18,18,619,5.3,10.8,0.489,2.6,5.9,0.431,2.7,4.9,0.56,2.1,2.8,0.75,1.7,4.5,6.2,1.6,2.1,0.6,1.8,3.1,15.2
Ryan Arcidiacono,PG,26,CHI,0,11,0,107,3,8.1,0.375,2,5.4,0.375,1,2.7,0.375,1.3,1.7,0.8,0.3,7.1,7.4,5.7,1,0,0.7,3.4,9.4
D.J. Augustin,PG,33,MIL,0,27,0,480,3.4,10.3,0.336,2.4,6.6,0.364,1,3.7,0.286,2.5,2.8,0.895,0.8,1.6,2.5,6.1,1,0.1,1.6,1.4,11.8
Deni Avdija,SF,20,WAS,0,22,16,503,4,9.4,0.424,1.9,5.4,0.355,2.1,4,0.518,0.8,1.4,0.579,0.9,6.9,7.7,2.5,1.2,0.3,1.3,4.4,10.7
Deandre Ayton,C,22,PHO,0,27,27,866,6.8,11.6,0.59,0.2,0.7,0.25,6.7,10.9,0.611,1.8,2.5,0.721,4.1,9.6,13.7,2,0.3,1.1,2.4,3.8,15.6
Udoka Azubuike,C,21,UTA,0,12,0,49,2.9,5.1,0.571,0,0,0,2.9,5.1,0.571,2.9,4.4,0.667,2.9,6.6,9.6,0,0.7,2.9,2.2,5.9,8.8
Dwayne Bacon,SG,25,ORL,0,29,20,721,5.9,13.9,0.423,1.5,4.1,0.373,4.3,9.8,0.444,2.2,2.7,0.8,0.6,3.9,4.5,1.5,1.1,0.1,1,2.4,15.5
Marvin Bagley III,PF,21,SAC,0,25,25,623,7.4,15.5,0.476,1.5,4,0.371,5.9,11.5,0.513,2.1,4.2,0.514,3,7.6,10.6,1.3,0.7,0.7,2.1,3.6,18.4
LaMelo Ball,PG,19,CHO,0,28,8,776,7.1,16.1,0.437,2.4,6.7,0.354,4.7,9.5,0.495,2.6,3.2,0.797,2,6,8,7.9,2,0.5,3.5,3.4,19
Lonzo Ball,PG,23,NOP,0,25,25,772,6,14.2,0.424,3.4,8.8,0.381,2.7,5.4,0.496,0.9,1.3,0.741,0.7,4.3,5,5.5,1.4,0.6,2.4,2.9,16.3
Mo Bamba,C,22,ORL,0,13,0,113,8.9,17.2,0.519,1.3,4.8,0.267,7.6,12.4,0.615,1,1.6,0.6,5.1,10.5,15.6,1.3,0.6,3.2,1.3,4.5,20.1
Desmond Bane,SG,22,MEM,0,20,2,456,5.9,12.2,0.484,3.2,6.7,0.482,2.7,5.5,0.486,1.1,1.3,0.824,0.7,3.5,4.2,2.5,1,0.2,1.8,2.9,16.2
Harrison Barnes,PF,28,SAC,0,27,27,948,5.4,11.2,0.48,1.7,4.4,0.388,3.7,6.8,0.539,3.7,4.4,0.843,1.1,5.3,6.4,3.5,0.8,0.2,1.4,1.2,16.2
RJ Barrett,SG,20,NYK,0,30,30,1012,6.7,15.5,0.428,1.1,3.6,0.304,5.5,11.9,0.466,3.2,4.3,0.742,1.4,5.2,6.6,3.3,0.8,0.2,2,2.6,17.6
Will Barton,SF,30,DEN,0,25,21,744,5.3,12.1,0.436,1.9,4.8,0.404,3.3,7.3,0.457,1.6,2.1,0.75,0.6,3.9,4.5,3.9,1,0.5,1.8,2.2,14.1
Keita Bates-Diop,SF,25,SAS,0,8,0,27,0,12,0,0,5.3,0,0,6.7,0,6.7,8,0.833,1.3,2.7,4,2.7,1.3,0,0,0,6.7
Nicolas Batum,SF,32,LAC,0,27,27,806,4,8.2,0.492,2.5,5.6,0.456,1.5,2.6,0.569,1.2,1.3,0.867,1.1,4.8,5.9,2.8,1.7,0.4,0.8,2.1,11.7
Aron Baynes,C,34,TOR,0,25,24,470,4.6,11.2,0.411,0.9,4.1,0.222,3.7,7,0.522,0.5,0.7,0.778,2.8,7.5,10.3,1.9,0.5,0.6,1.5,4.8,10.6
Kent Bazemore,SF,31,GSW,0,27,0,448,5.5,10.6,0.515,2.3,4.9,0.459,3.2,5.7,0.563,1.9,2.4,0.8,1,5.7,6.8,3.5,1.8,1.3,2.3,4.8,15.1
Darius Bazley,PF,20,OKC,0,28,28,872,5.2,13.3,0.393,1.7,6.1,0.286,3.5,7.3,0.483,1.9,2.5,0.767,0.6,7.9,8.5,2.1,0.5,0.8,2,1.2,14.1
Bradley Beal,SG,27,WAS,1,24,24,846,11.6,24.6,0.473,2.6,7.6,0.337,9.1,17,0.534,7.7,8.6,0.896,1.4,3.9,5.3,4.8,1.4,0.5,3.2,2.6,33.4
Malik Beasley,SG,24,MIN,0,29,28,951,8.5,18.6,0.455,3.8,9.5,0.398,4.7,9.1,0.515,2.2,2.6,0.843,1,4.4,5.3,2.8,0.9,0.2,1.8,1.9,23
Jordan Bell,C,26,WAS,0,3,1,50,3.6,10.8,0.333,0,1.4,0,3.6,9.4,0.385,0,0,0,3.6,7.9,11.5,3.6,0.7,2.2,2.2,2.9,7.2
DeAndre' Bembry,SF,26,TOR,0,19,0,261,4.6,7.4,0.611,1,1.9,0.5,3.6,5.5,0.65,0.8,1.5,0.545,1.1,3,4.1,4.1,1.7,0.7,1.7,3.3,10.9
Dāvis Bertāns,PF,28,WAS,0,23,3,593,4.7,12.3,0.381,4.1,10.9,0.378,0.5,1.3,0.409,2.6,3.2,0.827,0.6,3.8,4.4,1.4,1,0.4,0.8,3.5,16.1
Patrick Beverley,PG,32,LAC,0,20,20,483,4,9.2,0.435,2.6,5.9,0.443,1.4,3.4,0.422,1.6,2.2,0.759,1.5,4.8,6.3,3.2,1.5,1.1,1.1,5,12.3
Saddiq Bey,SF,21,DET,0,26,9,529,5.2,12.4,0.418,3.4,8.2,0.413,1.8,4.2,0.426,2.6,3.1,0.826,0.7,5.7,6.5,1.7,1,0.1,1.3,2.4,16.3
Tyler Bey,SF,22,DAL,0,4,0,13,5.5,13.8,0.4,0,0,0,5.5,13.8,0.4,5.5,11.1,0.5,5.5,2.8,8.3,0,0,2.8,0,5.5,16.6
Khem Birch,C,28,ORL,0,29,0,631,4.1,8,0.514,0.2,0.7,0.25,3.9,7.3,0.539,2.6,3.5,0.742,4.6,5.3,9.9,1.9,1.1,1.2,1.1,2.7,11
Goga Bitadze,C,21,IND,0,13,0,124,6.4,11,0.579,0.6,3.5,0.167,5.8,7.5,0.769,2.6,3.5,0.75,2.6,5.8,8.4,0.9,0.9,4.1,1.2,6.7,16
Bismack Biyombo,C,28,CHO,0,26,16,585,4.2,7.3,0.58,0,0.1,0,4.2,7.3,0.585,1.3,2.9,0.447,3.5,5.8,9.3,2.1,0.4,2,1.4,3.8,9.8
Nemanja Bjelica,PF,32,SAC,0,13,0,211,5.1,11.4,0.448,1.2,4.4,0.269,3.9,7,0.561,3.9,4.8,0.821,2,6.3,8.4,4.8,0,0.3,2.7,4.1,15.4
Eric Bledsoe,SG,31,NOP,0,27,26,780,5.7,13.1,0.437,2.7,6.8,0.401,3,6.3,0.474,1.6,2.5,0.648,0.6,3.8,4.4,4.6,0.8,0.3,2.2,1.8,15.8
Keljin Blevins,SF,25,POR,0,8,0,38,0.9,8.5,0.111,0,2.8,0,0.9,5.7,0.167,0,0,0,0,0,0,3.8,1.9,0,2.8,3.8,1.9
Bogdan Bogdanović,SG,28,ATL,0,9,2,213,5.1,13.2,0.385,3.5,9.8,0.362,1.5,3.4,0.45,1.4,1.5,0.889,0.3,5.4,5.7,3.2,0.7,0.2,1.9,3,15
Bojan Bogdanović,SF,31,UTA,0,29,29,891,5.9,14.2,0.416,3,7.7,0.387,2.9,6.5,0.45,3.1,3.6,0.864,0.6,4.1,4.6,2.5,0.5,0,1.8,1.8,17.9
Bol Bol,PF,21,DEN,0,12,2,65,3.9,8.9,0.438,1.1,3.3,0.333,2.8,5.5,0.5,0.6,1.1,0.5,0,5,5,1.1,0.6,2.2,2.8,3.9,9.4
Marques Bolden,C,22,CLE,0,6,0,29,1.2,3.7,0.333,0,0,0,1.2,3.7,0.333,6.2,9.9,0.625,3.7,3.7,7.4,0,2.5,2.5,2.5,0,8.7
Jordan Bone,PG,23,ORL,0,14,0,196,4.2,9.9,0.426,1.8,5.9,0.313,2.4,4,0.591,0,0,0,0.7,3.7,4.4,3.3,0.4,0,0.6,2,10.3
Isaac Bonga,SF,21,WAS,0,17,7,230,2.2,5.6,0.389,1.4,3.4,0.409,0.8,2.2,0.357,0.3,0.5,0.667,1.3,4.7,5.9,1.4,0.6,0.6,1.1,4.4,6.1
Devin Booker,SG,24,PHO,2,23,23,810,9.2,18.6,0.492,2.1,5.9,0.353,7.1,12.7,0.556,4.5,5.5,0.829,0.2,3.6,3.8,4.5,0.9,0.3,3.6,3.4,24.9
Chris Boucher,C,28,TOR,0,28,0,654,7.3,13.9,0.528,2.5,5.6,0.441,4.8,8.3,0.587,3.8,5.1,0.75,3,7.4,10.4,1.6,0.7,3.2,1,4.1,20.9
Brian Bowen,SF,22,IND,0,1,0,5,7.2,14.4,0.5,0,0,0,7.2,14.4,0.5,7.2,7.2,1,0,7.2,7.2,0,0,0,0,0,21.6
Avery Bradley,SG,30,MIA,0,10,1,211,5.3,11.3,0.47,2.7,6.5,0.421,2.6,4.8,0.536,1.2,1.5,0.778,0.3,2.7,3.1,2.4,1.2,0.2,1.5,4.4,14.5
Tony Bradley,C,23,PHI,0,10,1,117,5.8,11.1,0.528,0,0.3,0,5.8,10.8,0.543,0.9,1.5,0.6,6.5,8.9,15.4,1.8,0.9,1.8,0.3,3.4,12.6
Jarrell Brantley,PF,24,UTA,0,8,0,22,4.9,13.1,0.375,4.9,9.8,0.5,0,3.3,0,0,0,0,1.6,4.9,6.5,0,1.6,1.6,1.6,6.5,14.7
Ignas Brazdeikis,SF,22,NYK,0,4,0,7,0,5.1,0,0,0,0,0,5.1,0,10.3,10.3,1,5.1,5.1,10.3,5.1,0,0,5.1,0,10.3
Mikal Bridges,SF,24,PHO,0,27,27,898,5.5,10.9,0.504,2.1,5.3,0.398,3.4,5.6,0.604,2.2,2.6,0.833,1.5,4.3,5.8,2.3,0.7,1,0.8,2,15.3
Miles Bridges,PF,22,CHO,0,28,2,747,5.1,10.8,0.469,1.7,4.8,0.364,3.3,6,0.552,1.5,1.6,0.939,1.8,6,7.8,2.6,1,1.1,2.4,3.3,13.3
Malcolm Brogdon,PG,28,IND,0,29,29,1045,8.1,18.4,0.442,2.7,6.7,0.395,5.5,11.7,0.469,2.7,2.9,0.906,0.8,4.1,4.8,6.5,1.3,0.3,2.1,1.9,21.6
Dillon Brooks,SF,25,MEM,0,24,24,700,7.6,19,0.397,2.4,7.4,0.319,5.2,11.6,0.447,2.1,2.6,0.8,1.3,2.7,4,3.2,1.6,0.5,2.8,4.1,19.5
Bruce Brown,PG,24,BRK,0,26,13,498,5.1,9.3,0.555,0.3,1.6,0.182,4.8,7.7,0.632,1.4,2.1,0.69,2.4,5.9,8.2,2,1.2,0.7,1.6,3.5,12
Jaylen Brown,SG,24,BOS,1,26,26,868,10.7,21.1,0.506,2.6,6.4,0.409,8,14.7,0.548,4,5.2,0.768,1.3,4.7,6,3.9,1.3,0.6,3.1,3.2,27.9
Moses Brown,C,21,OKC,0,7,0,31,8.1,11.6,0.7,0,0,0,8.1,11.6,0.7,8.1,16.3,0.5,4.6,12.8,17.4,3.5,1.2,4.6,1.2,4.6,24.4
Sterling Brown,SG,25,HOU,0,26,1,556,4.7,10.4,0.45,2.6,6.3,0.408,2.1,4,0.516,0.6,0.6,1,1.3,5.2,6.5,3,1.6,0.5,1.1,3.4,12.6
Troy Brown Jr.,SF,21,WAS,0,13,0,205,3.9,10.9,0.355,1.9,6.3,0.306,1.9,4.6,0.423,1.2,2.1,0.583,1.4,6.5,7.9,2.3,0.4,0.4,2.1,4,10.9
Jalen Brunson,PG,24,DAL,0,24,6,578,6.4,12.5,0.515,1.6,4.2,0.382,4.8,8.2,0.583,3,3.4,0.889,0.3,4.4,4.7,5.4,0.6,0,1.8,2.2,17.4
Thomas Bryant,C,23,WAS,0,10,10,271,7.8,12.1,0.648,1.2,2.8,0.429,6.6,9.3,0.714,2.1,3.2,0.667,2.4,5.7,8.1,2,0.5,1.1,1.5,4.1,19
Reggie Bullock,SF,29,NYK,0,25,25,669,4.2,10.2,0.411,2.4,6.2,0.383,1.8,4,0.453,0.7,0.9,0.813,0.4,4.3,4.7,1.8,1,0.3,1,3.3,11.5
Trey Burke,PG,28,DAL,0,27,0,466,6.1,13.8,0.444,2.8,7,0.396,3.3,6.7,0.494,1.8,2.1,0.852,0.3,2,2.3,3.3,1.6,0.2,1.2,3.1,16.8
Alec Burks,SG,29,NYK,0,18,3,459,5,12.7,0.395,2.8,6.9,0.409,2.2,5.8,0.378,2.7,3.4,0.814,0.7,5.8,6.5,3,1.2,0.4,1.6,2.4,15.6
Jimmy Butler,SF,31,MIA,0,16,16,527,6.6,15,0.438,0.3,1.6,0.167,6.3,13.3,0.472,7.9,9.2,0.858,2,6.4,8.4,8.1,2.1,0.4,2.3,1.2,21.2
Bruno Caboclo,PF,25,HOU,0,6,0,36,8,17,0.471,0,5,0,8,12,0.667,1,2,0.5,3,11,14,1,0,2,4,6,17
Devontae Cacok,PF,24,LAL,0,1,0,2,18,18,1,0,0,0,18,18,1,0,0,0,0,0,0,0,0,0,0,0,36
Kentavious Caldwell-Pope,SG,27,LAL,0,25,25,627,4.3,9.6,0.446,2.2,5.3,0.424,2.1,4.4,0.474,1.3,1.6,0.852,0.5,2.8,3.2,1.9,1.1,0.5,1.4,2.2,12.2
Facundo Campazzo,PG,29,DEN,0,25,1,350,3.9,9.9,0.396,2.5,6.6,0.375,1.4,3.3,0.438,2.3,3,0.759,0.5,1.5,2.1,4.9,2.4,0.4,1.7,4.5,12.5
Vlatko Čančar,PF,23,DEN,0,13,0,45,2.4,11.2,0.214,0.8,6.4,0.125,1.6,4.8,0.333,0.8,1.6,0.5,2.4,7.2,9.6,0.8,3.2,1.6,4,2.4,6.4
Clint Capela,C,26,ATL,0,25,25,732,7.8,13.4,0.579,0,0,0,7.8,13.4,0.579,2,3.8,0.532,5.6,11.6,17.2,1.2,0.9,2.7,1.7,2.8,17.6
Vernon Carey Jr.,C,19,CHO,0,3,0,6,6,18,0.333,0,6,0,6,12,0.5,6,12,0.5,12,6,18,6,0,6,0,0,18
Jevon Carter,PG,25,PHO,0,23,0,256,3.5,10.3,0.342,2,6.9,0.286,1.5,3.4,0.458,0.3,0.3,1,0.4,4.1,4.5,3.7,1.4,0.8,0.7,3.8,9.3
Wendell Carter Jr.,C,21,CHI,0,16,16,425,6.4,11.7,0.551,0.3,1.3,0.267,6.1,10.4,0.585,4.4,6.1,0.722,3,7.5,10.5,3,0.9,0.9,2.6,4.1,17.6
Michael Carter-Williams,SG,29,ORL,0,10,5,246,4.2,12,0.354,0.3,2.5,0.118,4,9.5,0.415,2.5,3.4,0.739,2.6,4.2,6.9,4.4,0.7,0.6,2.3,4,11.3
Alex Caruso,PG,26,LAL,0,22,0,412,3.9,8.5,0.464,1.9,4.4,0.44,2,4.1,0.489,0.9,1,0.833,1,3.7,4.6,4.4,1.9,0.3,2.2,3.1,10.7
Willie Cauley-Stein,C,27,DAL,0,26,10,454,4.9,7.9,0.626,0.1,0.4,0.2,4.8,7.5,0.649,2.2,3.5,0.636,2.6,6.9,9.5,1.6,0.7,1.5,1.1,5.2,12.1
Chris Chiozza,PG,25,BRK,0,12,0,111,3.9,13.3,0.293,1.6,5.8,0.278,2.3,7.5,0.304,2.9,3.6,0.818,1,2.6,3.6,9.1,1.3,1,2.6,2.6,12.3
Marquese Chriss,PF,23,GSW,0,2,0,27,6.7,18.7,0.357,1.3,6.7,0.2,5.3,12,0.444,2.7,5.3,0.5,4,13.3,17.3,2.7,0,2.7,2.7,4,17.3
Gary Clark,SF,26,ORL,0,26,11,545,2,6.7,0.294,1.5,5.7,0.264,0.5,1,0.467,0.4,0.5,0.857,1.9,4.2,6.1,1.6,0.6,0.3,1,1.9,5.9
Brandon Clarke,PF,24,MEM,0,20,13,543,7.4,14.7,0.5,0.7,2.4,0.306,6.6,12.3,0.538,1.7,2.7,0.634,2.1,5.2,7.4,2.4,1.6,1,0.9,2.2,17.2
Jordan Clarkson,SG,28,UTA,0,29,0,760,9.2,20.3,0.453,4.5,11.7,0.382,4.7,8.6,0.549,2.2,2.3,0.958,1.3,4.4,5.6,2.9,1.3,0.3,2.6,1.9,25
Amir Coffey,SG,23,LAC,0,19,0,154,4.9,9.4,0.525,2.6,4.9,0.524,2.3,4.4,0.526,0.7,2.1,0.333,0.7,2.8,3.5,1.9,0.9,0,1.9,2.6,13.1
John Collins,PF,23,ATL,0,28,28,884,8.1,14.8,0.547,1.6,3.9,0.411,6.5,11,0.595,2.9,3.4,0.867,2.5,6.1,8.6,1.8,0.5,1.1,1.6,3.9,20.7
Mike Conley,PG,33,UTA,2,23,23,674,7,15.5,0.45,3.4,8.3,0.41,3.6,7.2,0.496,2.8,3.5,0.815,1.2,3.3,4.5,7.2,1.7,0.1,2.5,2.2,20.2
Pat Connaughton,SG,28,MIL,0,25,0,475,4.2,9.7,0.438,2.5,6.5,0.384,1.7,3.2,0.548,0.4,0.6,0.625,1.7,5.5,7.2,2.7,1.3,0.9,0.5,2.5,11.4
Quinn Cook,PG,27,LAL,0,15,0,51,6.4,14.8,0.429,2.8,7.8,0.364,3.5,7.1,0.5,2.8,3.5,0.8,0,3.5,3.5,3.5,0.7,0,2.1,1.4,18.4
DeMarcus Cousins,C,30,HOU,0,25,11,506,5.6,14.9,0.376,2.8,8.3,0.336,2.8,6.7,0.426,3.1,4.2,0.746,2.1,11.5,13.6,4.3,1.5,1.3,2.8,5.3,17.1
Robert Covington,PF,30,POR,0,26,26,816,3,8.2,0.371,1.9,5.8,0.333,1.1,2.4,0.463,0.7,0.8,0.889,0.9,6.2,7.1,2.1,1.9,1.1,1.2,3,8.7
Torrey Craig,SF,30,MIL,0,15,0,175,3.5,7.6,0.459,1.6,3.7,0.444,1.9,3.9,0.474,0.2,0.4,0.5,2.5,5.6,8,2.5,1.6,1,1,4.7,8.8
Jae Crowder,PF,30,PHO,0,24,16,670,4.4,11.5,0.379,3.1,8.9,0.345,1.3,2.6,0.49,1.5,1.8,0.848,0.5,6.2,6.7,2.8,1.1,0.3,1,2.6,13.3
Jarrett Culver,SG,21,MIN,0,16,7,339,5.4,11.8,0.459,0.8,3.3,0.258,4.6,8.5,0.538,2.1,3.5,0.606,2.7,5.8,8.5,1.6,1.2,0.6,2.2,4,13.8
Seth Curry,SG,30,PHI,0,22,22,637,5.8,11.5,0.5,2.6,5.4,0.479,3.2,6.1,0.519,2.2,2.3,0.975,0.3,2.1,2.4,3.3,1,0.3,1.8,2.1,16.3
Stephen Curry,PG,32,GSW,2,29,29,987,10.6,21.5,0.492,5.3,12.4,0.425,5.3,9.1,0.582,5.3,5.6,0.935,0.5,5.2,5.7,6.4,1.3,0.1,3.4,2,31.7
Anthony Davis,PF,27,LAL,2,23,23,755,9.7,18.3,0.533,0.8,2.8,0.293,8.9,15.5,0.575,4.4,6.2,0.715,2.2,7,9.2,3.3,1.5,2,2.1,2,24.7
Ed Davis,C,31,MIN,0,19,7,264,2.5,5.9,0.419,0,0,0,2.5,5.9,0.419,1,1.1,0.875,5.2,8,13.2,2.6,1.4,1.4,0.8,6.7,5.9
Terence Davis,SG,23,TOR,0,22,2,304,6.6,15.2,0.438,3.3,8.6,0.384,3.3,6.5,0.509,1.1,1.2,0.9,0.7,3.6,4.3,2.4,1.4,0.4,2.3,4.5,17.6
DeMar DeRozan,PF,31,SAS,0,25,25,835,7.1,14.5,0.488,0.7,2.1,0.333,6.4,12.4,0.514,6.5,7.3,0.893,0.8,4.6,5.4,7.4,0.8,0.3,1.8,1.9,21.3
Hamidou Diallo,SG,22,OKC,0,28,5,673,7.1,14.7,0.48,0.6,2,0.289,6.5,12.7,0.511,4.1,6.2,0.661,1.7,6.4,8.1,3.7,1.6,0.5,2.2,3.8,18.8
Gorgui Dieng,C,31,MEM,0,19,1,336,5.4,10.1,0.532,2.1,4.3,0.5,3.2,5.8,0.556,2.8,3.3,0.839,2.9,6.9,9.7,2.8,1.7,1.4,2.1,3.7,15.6
Spencer Dinwiddie,SG,27,BRK,0,3,3,64,3.4,9,0.375,1.1,3.9,0.286,2.3,5.1,0.444,3.4,3.4,1,0,7.3,7.3,5.1,1.1,0.6,2.8,2.3,11.3
Donte DiVincenzo,SG,24,MIL,0,28,28,732,5.1,12.2,0.419,2.7,6.7,0.401,2.4,5.5,0.441,0.6,1,0.619,1.4,4.7,6.1,3.8,1.7,0.3,1.7,2.1,13.6
Luka Doncic,PG,21,DAL,2,27,27,954,10.2,21.5,0.475,2.5,7.3,0.335,7.8,14.2,0.546,6.7,8.5,0.795,0.9,7.9,8.8,9.6,1,0.7,4.3,2.2,29.6
Luguentz Dort,SG,21,OKC,0,27,27,800,5.3,12.9,0.409,2.3,7,0.323,3,5.9,0.511,2.4,3.2,0.746,0.9,3.4,4.3,1.8,1.1,0.3,1.8,3.1,15.2
Damyean Dotson,SG,26,CLE,0,24,6,490,5.2,12.7,0.41,1.9,6.8,0.283,3.3,6,0.556,1.3,1.9,0.692,0.3,2.9,3.2,3.8,0.8,0.2,1.5,1.6,13.7
Devon Dotson,PG,21,CHI,0,1,0,10,7.2,14.4,0.5,0,0,0,7.2,14.4,0.5,0,0,0,0,3.6,3.6,0,0,0,0,3.6,14.4
Sekou Doumbouya,PF,20,DET,0,24,1,314,4.1,11.7,0.353,1.1,4.5,0.256,3,7.2,0.413,1.9,2.6,0.739,1.7,4.9,6.6,1.6,1.1,0.2,1.8,4.2,11.4
PJ Dozier,SG,24,DEN,0,17,0,330,4.8,10.3,0.468,1.6,4,0.405,3.2,6.2,0.509,2,2.7,0.72,1.7,5.9,7.6,2.5,1,1.1,1.4,3.2,13.2
Goran Dragić,PG,34,MIA,0,17,6,451,7.1,15.6,0.456,2.2,6.2,0.359,4.9,9.3,0.521,3,3.8,0.809,0.6,3.6,4.2,7.2,0.7,0.2,4.1,3.6,19.5
Andre Drummond,C,27,CLE,0,25,25,722,9,18.9,0.474,0,0.4,0,9,18.5,0.484,3.8,6.4,0.597,5,11.8,16.8,3.2,2,1.4,4,3.4,21.8
Jared Dudley,PF,35,LAL,0,6,0,22,1.6,1.6,1,1.6,1.6,1,0,0,0,0,0,0,1.6,8.2,9.8,1.6,0,0,0,0,4.9
Kevin Durant,PF,32,BRK,1,19,18,679,10,19,0.524,2.6,6,0.434,7.4,13,0.565,6.7,7.7,0.869,0.4,7,7.4,5.3,0.7,1.4,3.6,2.3,29.2
Anthony Edwards,SG,19,MIN,0,29,12,817,7,18.2,0.383,2.3,7.3,0.319,4.6,10.8,0.427,2.4,3,0.806,0.8,3.9,4.7,3,0.9,0.4,2,1.9,18.6
Carsen Edwards,SG,22,BOS,0,13,1,134,6.4,14.8,0.436,2.7,8.1,0.333,3.8,6.7,0.56,1.9,2.4,0.778,0.5,3,3.5,1.3,1.1,0.3,0.5,4.3,17.5
CJ Elleby,SF,20,POR,0,12,0,96,5.2,10.9,0.483,1.9,6.8,0.278,3.4,4.1,0.818,2.3,3.4,0.667,1.5,3,4.5,1.1,1.1,1.1,1.1,6,14.6
Wayne Ellington,SG,33,DET,0,21,18,481,5.8,12.6,0.456,4.3,9.7,0.438,1.5,2.9,0.513,0.9,1.2,0.75,0.5,2.5,3.1,1.8,0.6,0.3,1,2.4,16.7
Joel Embiid,C,26,PHI,1,23,23,748,10.4,19.3,0.54,1.3,3.3,0.397,9.1,16.1,0.569,10.7,12.6,0.851,2.1,9.8,11.9,3.4,1.4,1.3,3.8,2.8,32.9
James Ennis,SF,30,ORL,0,20,19,438,4.2,8.5,0.495,1.4,3.1,0.447,2.8,5.3,0.523,2.1,2.5,0.839,1.9,4.3,6.2,2.2,1.6,0.5,1.6,3.6,11.9
Drew Eubanks,C,23,SAS,0,11,0,139,4.1,9.6,0.432,0,0,0,4.1,9.6,0.432,3.1,4.1,0.75,1.8,7.8,9.6,1,0.3,3.9,1.3,3.6,11.4
Dante Exum,SG,25,CLE,0,6,3,116,3.1,8.1,0.385,0.6,3.4,0.182,2.5,4.7,0.533,0.3,0.6,0.5,0.6,4.7,5.3,4,1.2,0.6,2.2,2.8,7.1
Tacko Fall,C,25,BOS,0,6,0,49,5.9,8.8,0.667,0,0,0,5.9,8.8,0.667,2.2,5.9,0.375,5.9,9.6,15.4,0,0,5.9,0.7,6.6,14
Derrick Favors,C,29,UTA,0,27,0,444,5.4,8.5,0.629,0,0.1,0,5.4,8.4,0.635,3,3.7,0.804,4.5,7.6,12.2,2,1.2,2.4,1.3,5.4,13.7
Cristiano Felício,C,28,CHI,0,6,0,38,2.8,3.8,0.75,0,0,0,2.8,3.8,0.75,4.7,7.6,0.625,5.7,5.7,11.4,4.7,1.9,0,2.8,2.8,10.4
Terrance Ferguson,SG,22,PHI,0,7,0,24,0,4.5,0,0,4.5,0,0,0,0,0,0,0,0,1.5,1.5,3,0,0,1.5,4.5,0
Bruno Fernando,C,22,ATL,0,15,0,132,2.5,6,0.409,0,0.5,0,2.5,5.5,0.45,2.5,4.1,0.6,3.3,10.9,14.2,2.5,0.5,0.5,3.3,4.1,7.4
Yogi Ferrell,PG,27,CLE,0,2,0,40,7.2,18.9,0.381,2.7,8.1,0.333,4.5,10.8,0.417,0,1.8,0,2.7,3.6,6.3,4.5,2.7,0.9,2.7,3.6,17.1
Dorian Finney-Smith,PF,27,DAL,0,19,19,583,3.9,8.6,0.45,2.3,6,0.381,1.6,2.7,0.605,0.6,0.7,0.833,1.7,3.9,5.6,1.4,1.2,0.5,0.7,3.2,10.7
Malachi Flynn,PG,22,TOR,0,13,0,106,3.7,13.2,0.282,1.7,7.8,0.217,2,5.4,0.375,0.7,1.4,0.5,0.3,2.7,3.1,5.4,1.4,0,1.4,3.4,9.8
Bryn Forbes,SG,27,MIL,0,28,5,514,6.8,14.1,0.48,4,8.5,0.471,2.8,5.7,0.494,1,1.4,0.7,0.4,1.9,2.2,0.9,0.5,0,1.3,2.4,18.6
Trent Forrest,PG,22,UTA,0,4,0,13,0,5.5,0,0,5.5,0,0,0,0,5.5,5.5,1,0,2.8,2.8,2.8,5.5,0,0,5.5,5.5
Evan Fournier,SF,28,ORL,0,15,15,430,7.3,16.2,0.451,2.8,7.8,0.366,4.4,8.4,0.53,5,6.3,0.8,0.3,2.8,3.2,4.5,1.3,0.5,2.6,2.8,22.4
De'Aaron Fox,PG,23,SAC,0,26,26,860,9.2,19.3,0.476,2,5.9,0.343,7.2,13.4,0.534,4.9,7.2,0.69,0.8,2.8,3.6,7.4,1.3,0.5,3.4,2.9,25.3
Tim Frazier,PG,30,MEM,0,3,0,33,2.2,8.7,0.25,0,2.2,0,2.2,6.5,0.333,0,0,0,0,4.4,4.4,7.6,1.1,0,3.3,4.4,4.4
Markelle Fultz,PG,22,ORL,0,8,8,215,6.9,17.4,0.394,0.7,2.7,0.25,6.2,14.7,0.42,2.8,3.2,0.895,0.8,3.3,4.2,7.2,1.3,0.3,3,3,17.2
Wenyen Gabriel,PF,23,NOP,0,3,0,10,0,10.8,0,0,3.6,0,0,7.2,0,0,0,0,3.6,10.8,14.4,3.6,0,0,0,0,0
Daniel Gafford,PF,22,CHI,0,23,11,330,5.3,8,0.671,0,0,0,5.3,8,0.671,2.7,4,0.676,3.6,4.7,8.3,1.7,1.2,3.2,2,5.1,13.4
Danilo Gallinari,PF,32,ATL,0,16,1,315,5.5,13.8,0.397,3,7.9,0.377,2.5,5.9,0.423,5.6,5.9,0.942,0.3,4.9,5.3,2.1,0.3,0.2,2.2,3.5,19.5
Langston Galloway,SG,29,PHO,0,22,0,245,5,10.7,0.466,2.9,6.2,0.476,2.1,4.6,0.452,2.4,2.4,1,0.6,2.9,3.5,2.2,0.6,0,1,1.9,15.3
Darius Garland,PG,21,CLE,0,21,18,679,7.2,15.9,0.452,1.9,4.6,0.407,5.3,11.3,0.469,1.5,1.6,0.903,0.5,2,2.5,5.9,1.1,0.2,2.8,2.7,17.7
Marc Gasol,C,36,LAL,0,29,29,579,2.5,6.2,0.4,1.2,3.5,0.351,1.2,2.7,0.465,1.4,1.6,0.88,1.4,6.2,7.6,3.3,0.7,2.2,1.5,4.3,7.6
Rudy Gay,PF,34,SAS,0,26,0,572,6.8,16.2,0.419,2.6,7,0.366,4.2,9.2,0.459,2.1,2.7,0.767,1.5,7,8.5,2.5,1.1,0.8,1.9,3,18.3
Paul George,SF,30,LAC,2,20,20,680,8.9,17.5,0.508,4,8.3,0.478,4.9,9.2,0.534,4,4.4,0.905,0.7,5.9,6.6,5.8,1.3,0.5,3.8,2.4,25.8
Taj Gibson,PF,35,NYK,0,8,0,109,3.3,6.6,0.5,0.3,1.7,0.2,3,5,0.6,1,2,0.5,3.6,4.6,8.3,1.3,0.7,1,0.7,5,7.9
Harry Giles,C,22,POR,0,22,0,260,3.6,8.6,0.419,0.4,1.1,0.375,3.2,7.5,0.426,1.8,2.5,0.722,3.5,11.5,15,2.8,0.7,1.2,2.2,6.1,9.4
Shai Gilgeous-Alexander,SG,22,OKC,0,22,22,741,8.4,16.7,0.503,2,5.2,0.383,6.4,11.5,0.557,5.3,6.8,0.784,0.7,5.1,5.8,6.9,0.9,0.7,3.1,2.2,24.1
Anthony Gill,PF,28,WAS,0,10,1,65,1.7,5.5,0.3,0.6,3.9,0.143,1.1,1.7,0.667,1.7,2.2,0.75,1.7,8.9,10.5,1.7,1.7,1.1,1.7,1.7,5.5
Rudy Gobert,C,28,UTA,2,29,29,878,6.5,10.1,0.64,0,0,0,6.5,10.1,0.642,4,6.8,0.581,4.2,11.8,16,1.5,0.5,3.2,1.9,2.7,16.9
Brandon Goodwin,PG,25,ATL,0,22,0,280,4.2,13.1,0.324,1.8,6.7,0.269,2.4,6.4,0.38,2.2,3.1,0.708,0.4,3.1,3.5,5.5,1.3,0,1.5,3,12.5
Aaron Gordon,PF,25,ORL,0,19,19,552,5.9,13.9,0.427,2,5.5,0.369,3.9,8.4,0.465,3.2,5.2,0.613,2.2,6.8,8.9,5.2,0.9,1,3.5,2.5,17.1
Eric Gordon,SG,32,HOU,0,22,10,646,7.6,16.5,0.463,3.3,9.5,0.351,4.3,7,0.616,4.3,5.1,0.848,0.4,2.3,2.7,3.3,0.7,0.6,2.3,1.8,23
Devonte' Graham,PG,25,CHO,0,25,25,821,4.8,13.6,0.352,3.1,8.9,0.347,1.7,4.7,0.361,2.4,3.1,0.775,0.6,2.7,3.3,6.2,1.1,0,1.5,1.7,15
Jerami Grant,SF,26,DET,0,28,28,1017,7.8,17.7,0.443,2.5,6.6,0.387,5.3,11.1,0.476,5.3,6.1,0.883,0.8,4.4,5.2,2.9,0.8,1.2,1.7,2.8,23.5
Danny Green,SF,33,PHI,0,29,29,824,3.9,9.7,0.401,2.8,7.3,0.375,1.1,2.4,0.481,0.4,0.6,0.714,1.2,3.4,4.6,2.2,1.4,0.9,1.7,2.1,11
Draymond Green,PF,30,GSW,0,24,24,695,2.4,6.7,0.362,0.4,2.2,0.186,2,4.5,0.448,1.2,1.8,0.676,0.7,6.3,7,10.3,1.7,0.8,3.3,3.8,6.5
JaMychal Green,PF,30,DEN,0,24,3,511,5.6,12.6,0.441,2.9,6.8,0.427,2.7,5.8,0.458,1.9,2.3,0.844,2.9,7.7,10.6,1.7,1.1,0.5,1.8,4.7,15.9
Javonte Green,SG,27,BOS,0,18,1,276,4,8.1,0.5,0.9,2.7,0.333,3.1,5.3,0.585,2.6,3.8,0.69,2.2,3.7,5.9,1,2.2,0.3,1.4,2.9,11.6
Jeff Green,PF,34,BRK,0,30,13,780,4.8,9.5,0.505,2.2,5.1,0.427,2.6,4.4,0.594,1.7,2.1,0.822,0.6,4.5,5.2,2,0.9,0.4,1.1,2.7,13.5
Josh Green,SG,20,DAL,0,17,5,212,2.9,6.1,0.472,0.3,2,0.167,2.5,4.1,0.625,1,1.9,0.545,2,4.6,6.6,1.7,0.7,0.2,1.9,2.7,7.1
Blake Griffin,PF,31,DET,0,20,20,626,4.7,12.8,0.365,2.2,7.1,0.315,2.4,5.6,0.429,2.5,3.6,0.71,0.4,5.6,6,4.4,0.8,0.1,1.8,2.4,14.1
Kyle Guy,PG,23,SAC,0,10,0,79,4.1,14.6,0.281,1.8,7.3,0.25,2.3,7.3,0.313,3.2,3.6,0.875,1.4,4.1,5.5,5.9,1.8,0,0.5,2.3,13.2
Rui Hachimura,PF,22,WAS,0,19,19,555,5.8,12.7,0.454,1,3.2,0.3,4.8,9.5,0.507,3.8,4.8,0.784,1.4,5.3,6.7,2.5,0.8,0.1,1.2,2.6,16.3
Ashton Hagans,PG,21,MIN,0,2,0,4,0,0,0,0,0,0,0,0,0,0,0,0,0,0,0,0,0,0,9,0,0
Tyrese Haliburton,PG,20,SAC,0,25,2,734,5.8,11.7,0.498,2.8,6.4,0.443,3,5.3,0.565,0.7,0.8,0.824,1.2,3.1,4.4,6.4,1.5,0.7,2,1.5,15.2
Josh Hall,SF,20,OKC,0,7,0,51,2.8,12.7,0.222,0.7,5.6,0.125,2.1,7.1,0.3,2.1,4.9,0.429,0.7,5.6,6.4,4.9,0,0,2.8,4.9,8.5
R.J. Hampton,PG,19,DEN,0,21,0,180,3.8,9.4,0.404,1,3.2,0.313,2.8,6.2,0.452,0.8,1.2,0.667,1.8,6.2,8,2,1,0.4,2,3.2,9.4
Tim Hardaway Jr.,SG,28,DAL,0,27,17,825,6.9,15.7,0.439,3.6,9.2,0.393,3.3,6.5,0.503,2.2,2.8,0.785,0.3,3.5,3.8,1.9,0.8,0.2,1.1,1.9,19.6
James Harden,SG,31,TOT,1,24,24,903,7.3,15.1,0.482,2.9,7.6,0.384,4.4,7.6,0.579,5.9,6.6,0.897,0.7,6.3,7,10.8,1,0.7,4.1,2.2,23.4
James Harden,SG,31,HOU,0,8,8,290,7.4,16.8,0.444,3.1,8.9,0.347,4.3,7.8,0.556,6.6,7.4,0.883,0.6,4.5,5.1,10.3,0.9,0.7,4.2,1.7,24.6
James Harden,SG,31,BRK,0,16,16,613,7.2,14.4,0.502,2.8,6.9,0.407,4.4,7.5,0.591,5.6,6.2,0.905,0.8,7.1,7.9,11,1.1,0.7,4.1,2.4,22.8
Maurice Harkless,SF,27,MIA,0,10,3,109,1.3,3.3,0.4,1.3,2.6,0.5,0,0.7,0,0,0.7,0,0.3,2.6,3,2.3,0.7,1,0.7,4,4
Jared Harper,PG,23,NYK,0,2,0,5,0,7.2,0,0,0,0,0,7.2,0,14.4,14.4,1,0,0,0,0,0,0,14.4,0,14.4
Montrezl Harrell,C,27,LAL,0,29,0,714,7.8,12.1,0.646,0,0.2,0,7.8,11.9,0.657,3.8,5.2,0.738,3.3,5.9,9.2,1.6,1,1.1,1.9,3.2,19.5
Gary Harris,SG,26,DEN,0,19,19,581,4.3,9.7,0.442,1.5,4.6,0.32,2.8,5,0.556,1.4,1.9,0.733,0.8,2.1,2.9,2,1.1,0.2,0.9,2.3,11.4
Jalen Harris,SG,22,TOR,0,2,0,4,0,0,0,0,0,0,0,0,0,0,0,0,9,0,9,0,0,0,9,18,0
Joe Harris,SF,29,BRK,0,30,26,928,6.4,12.2,0.529,3.8,7.7,0.495,2.6,4.5,0.586,0.6,0.9,0.696,0.7,3.4,4.1,2.2,0.6,0.3,1,2.8,17.3
Tobias Harris,PF,28,PHI,0,26,26,896,8.3,16.1,0.518,1.8,4.3,0.426,6.5,11.7,0.551,3.3,3.6,0.9,1.3,6.8,8.1,3.3,0.8,0.9,2.1,2.2,21.7
Shaquille Harrison,SG,27,UTA,0,16,0,54,4,12.7,0.316,0,0.7,0,4,12,0.333,3.3,4,0.833,2,4,6,5.3,1.3,0,3.3,2,11.3
Josh Hart,SF,25,NOP,0,28,2,785,4,8.9,0.451,1.8,5.3,0.348,2.2,3.7,0.6,1.5,2.1,0.711,1.3,8.3,9.6,2.8,1,0.2,1.1,2.8,11.4
Isaiah Hartenstein,C,22,DEN,0,18,0,157,6.9,12.6,0.545,0,0,0,6.9,12.6,0.545,3.7,6.2,0.593,6,5.7,11.7,2.3,1.6,3,3.2,8.9,17.4
Jaxson Hayes,C,20,NOP,0,21,1,246,5.1,8,0.636,0,0,0,5.1,8,0.636,2.6,3.8,0.692,3.8,7.3,11.1,1.3,1,1,1.9,5.6,12.9
Killian Hayes,PG,19,DET,0,7,7,148,3.2,11.4,0.277,1.2,4.9,0.25,1.9,6.6,0.296,0.2,0.5,0.5,0.2,1.7,1.9,6.1,0.5,0,4.1,3.6,7.8
Gordon Hayward,SF,30,CHO,0,26,26,922,8.2,16.9,0.486,2.2,5.3,0.422,6,11.6,0.515,4,4.6,0.864,0.9,4.6,5.5,3.9,1.1,0.4,2.1,1.9,22.6
Juan Hernangómez,PF,25,MIN,0,13,6,242,4.5,11.2,0.4,2.1,6.5,0.318,2.4,4.6,0.516,1.3,2.1,0.643,1.9,7.7,9.7,1,0.7,0.3,0.9,1.8,12.3
Willy Hernangómez,C,26,NOP,0,13,0,222,5.8,10.7,0.545,0.2,0.8,0.2,5.7,9.9,0.574,2.4,3.7,0.652,5.5,8.1,13.6,2.4,1,0.8,0.8,2.3,14.3
Tyler Herro,SG,21,MIA,0,20,14,687,6.8,15.5,0.437,2.2,6.5,0.339,4.6,9,0.509,2,2.6,0.78,0.5,6.1,6.6,4.1,0.5,0.5,2.7,1.7,17.8
Buddy Hield,SG,28,SAC,0,27,27,940,5.5,14.6,0.377,4.1,10.8,0.377,1.5,3.9,0.376,1.6,1.8,0.872,0.4,4.6,5,3.1,0.9,0.3,2,2.8,16.7
George Hill,PG,34,OKC,0,14,14,369,6,11.7,0.508,2.1,5.6,0.386,3.8,6.1,0.619,2,2.4,0.84,0.8,2,2.8,4.2,1.2,0.2,1.2,1.2,16.1
Solomon Hill,PF,29,ATL,0,28,1,532,2.9,8.1,0.358,2,6.1,0.322,0.9,2,0.467,0.5,0.7,0.8,0.7,3.7,4.4,1.6,1.2,0.4,1,3,8.3
Nate Hinton,SG,21,DAL,0,6,0,19,5.7,24.6,0.231,1.9,9.5,0.2,3.8,15.2,0.25,1.9,3.8,0.5,0,0,0,0,1.9,1.9,3.8,1.9,15.2
Aaron Holiday,PG,24,IND,0,29,6,576,5.1,13.7,0.37,1.9,5.8,0.333,3.1,7.9,0.397,1.4,1.8,0.759,0.4,2.1,2.4,3.3,0.9,0.2,1.4,3.1,13.4
Jrue Holiday,PG,30,MIL,0,23,23,747,7.2,14.4,0.502,2.1,5.3,0.387,5.2,9.1,0.569,1.6,2.1,0.791,1.4,3.9,5.3,6,2.1,0.7,1.7,1.9,18.2
Justin Holiday,SG,31,IND,0,29,20,935,4.4,9.5,0.466,2.7,6.4,0.419,1.7,3.1,0.563,1.3,1.7,0.791,0.8,3.9,4.7,1.9,1.3,0.4,0.8,2.6,12.9
Richaun Holmes,C,27,SAC,0,25,25,739,6.6,10.2,0.648,0,0.2,0.2,6.6,10,0.659,2.2,2.8,0.793,3,6.4,9.4,2.2,0.8,2,1.9,5,15.5
Rodney Hood,SF,28,POR,0,23,5,436,4,10.8,0.366,1.2,3.9,0.298,2.8,6.9,0.405,0.3,0.5,0.667,0.3,2.9,3.2,2.3,1.2,0.2,1.5,2.7,9.4
Al Horford,C,34,OKC,0,19,19,536,7.5,16.6,0.453,2.8,7.1,0.39,4.8,9.5,0.5,0.9,1.2,0.778,1.1,7.7,8.8,4.6,1.2,1.1,1.6,2.2,18.7
Talen Horton-Tucker,SG,20,LAL,0,25,0,413,5.8,13.1,0.447,1,3.7,0.279,4.8,9.3,0.514,2,2.4,0.821,0.8,4.4,5.2,3.8,1.8,1,2.7,4.2,14.7
Danuel House,SF,27,HOU,0,17,7,474,3.9,10.6,0.374,1.8,6.4,0.286,2.1,4.2,0.509,1.7,2.3,0.767,0.8,3.9,4.7,2.7,1,0.7,1.2,2.4,11.5
Dwight Howard,C,35,PHI,0,29,4,483,4.5,8.2,0.555,0.2,0.6,0.375,4.3,7.6,0.569,3.4,6.4,0.523,5.8,10.8,16.6,1.4,0.9,1.9,4,6.8,12.7
Markus Howard,SG,21,DEN,0,14,0,48,4.5,21.7,0.207,2.3,15.8,0.143,2.3,6,0.375,0,0,0,0,3.7,3.7,3.7,1.5,0,3,4.5,11.3
Kevin Huerter,SG,22,ATL,0,28,17,890,5.1,12.1,0.423,2.5,6.5,0.385,2.6,5.6,0.468,0.8,1,0.792,0.8,3.3,4.1,4.3,1.4,0.2,1.5,2.6,13.6
Elijah Hughes,SF,22,UTA,0,6,0,27,6.7,20,0.333,4,13.3,0.3,2.7,6.7,0.4,4,5.3,0.75,0,5.3,5.3,4,1.3,1.3,5.3,0,21.3
De'Andre Hunter,SF,23,ATL,0,18,18,579,6.7,13.1,0.514,1.9,5.1,0.366,4.8,8,0.609,4,4.5,0.877,1,5,6,2.5,1.1,0.6,1.6,2.9,19.3
Chandler Hutchison,SF,24,CHI,0,7,0,64,2.8,10.1,0.278,0.6,1.7,0.333,2.3,8.4,0.267,1.1,1.1,1,0.6,10.7,11.3,2.3,0.6,0,2.8,5.1,7.3
Serge Ibaka,C,31,LAC,0,29,29,701,7.1,13.8,0.515,1.5,4,0.377,5.6,9.8,0.571,1.8,2.3,0.818,2.8,7.1,9.9,2.6,0.4,1.8,2,2.8,17.5
Andre Iguodala,SF,37,MIA,0,26,2,552,2.7,7.2,0.369,1.8,5.5,0.318,0.9,1.7,0.538,0.3,0.7,0.455,0.8,5.3,6.1,4,1.8,0.8,1.8,2.5,7.4
Joe Ingles,SF,33,UTA,0,25,8,665,5.5,10.7,0.518,3.2,7.2,0.451,2.3,3.5,0.656,1.6,1.8,0.882,0.6,4.1,4.7,6.3,0.5,0.3,2.2,2.3,15.9
Brandon Ingram,SF,23,NOP,0,28,28,974,8.5,18.1,0.466,2.6,6.5,0.4,5.9,11.7,0.503,4.9,5.6,0.874,0.6,4.9,5.5,5,0.7,1,2.6,1.8,24.4
Kyrie Irving,PG,28,BRK,1,20,20,707,10.8,20.3,0.534,3.1,7,0.442,7.7,13.3,0.582,4,4.3,0.918,0.9,3.8,4.7,5.8,1.1,0.8,2.4,3,28.8
Wesley Iwundu,SF,26,DAL,0,17,3,232,2,7.1,0.283,0.5,3.6,0.13,1.6,3.6,0.435,1.2,1.6,0.8,0.8,4.3,5.1,1.2,1.1,0.3,0.6,3.1,5.7
Frank Jackson,PG,22,DET,0,7,0,39,3.7,14.8,0.25,2.8,9.2,0.3,0.9,5.5,0.167,0,0,0,0,4.6,4.6,7.4,0.9,0,3.7,3.7,10.2
Josh Jackson,SG,23,DET,0,26,6,627,6.7,15.7,0.427,2.1,6.6,0.322,4.6,9.1,0.503,3.5,5.1,0.685,1.1,4.9,6,2.9,1.4,1.4,3.6,4.5,19.1
Justin Jackson,SF,25,OKC,0,18,2,324,5.9,12.9,0.457,2.3,6.6,0.356,3.6,6.3,0.561,1.6,2,0.778,0.9,3.9,4.8,3.7,0.8,0.1,2,2.3,15.7
Reggie Jackson,SG,30,LAC,0,27,14,562,5.4,12.7,0.427,2,5.9,0.348,3.4,6.9,0.495,1.9,2.5,0.744,0.6,4.1,4.7,5.6,1.2,0.2,1.7,3.3,14.8
Justin James,SF,24,SAC,0,8,0,50,4.3,10.8,0.4,0,2.9,0,4.3,7.9,0.545,0.7,5,0.143,1.4,3.6,5,2.2,0.7,0.7,0,0.7,9.4
LeBron James,PG,36,LAL,2,29,29,1006,9.8,19.5,0.504,2.6,6.9,0.378,7.2,12.6,0.573,4.4,6.2,0.711,0.6,7.9,8.5,8.2,1.1,0.5,3.9,1.6,26.6
DaQuan Jeffries,SG,23,SAC,0,3,1,41,2.6,10.5,0.25,0,5.3,0,2.6,5.3,0.5,0,0,0,1.8,3.5,5.3,1.8,2.6,1.8,1.8,2.6,5.3
Isaiah Joe,SG,21,PHI,0,16,1,212,4.6,12.1,0.38,3.6,9.5,0.375,1,2.5,0.4,0.8,0.8,1,0.7,2.5,3.2,2.5,1,0.7,0.8,3.6,13.6
Cameron Johnson,PF,24,PHO,0,27,9,686,5.4,12.2,0.438,3.1,8.4,0.369,2.3,3.8,0.589,1.4,1.6,0.871,0.9,4.3,5.1,2.1,0.9,0.4,1.1,1.9,15.2
James Johnson,PF,33,DAL,0,23,0,424,5.1,10.4,0.488,1.2,4.2,0.28,3.9,6.2,0.63,1.1,2,0.542,0.9,5.1,6,3.1,1.7,1.6,2.1,4.1,12.5
Keldon Johnson,SF,21,SAS,0,27,27,812,6.4,13.7,0.468,1.2,3.5,0.325,5.2,10.1,0.518,3.4,4.4,0.778,2.1,6.3,8.3,2.7,0.9,0.6,1.8,2.7,17.3
Stanley Johnson,PF,24,TOR,0,25,1,368,2.4,6.1,0.403,1.5,3.6,0.405,1,2.4,0.4,1.1,1.4,0.786,1.4,4.8,6.2,3.5,2.1,0.8,1.8,4.2,7.4
Tyler Johnson,SG,28,BRK,0,13,1,159,4.8,10.6,0.447,3.4,7.2,0.469,1.4,3.4,0.4,0.5,0.5,1,0.5,2.9,3.4,2.5,0.9,0,0.9,1.8,13.4
Nikola Jokic,C,25,DEN,2,28,28,1006,10.5,18.5,0.57,1.5,3.8,0.402,9,14.6,0.614,4.8,5.5,0.871,3,8.2,11.2,8.6,1.6,0.6,3.4,3.1,27.4
Damian Jones,C,25,PHO,0,11,0,78,1.8,4.6,0.4,0,0.5,0,1.8,4.2,0.444,2.3,4.2,0.556,3.2,4.2,7.4,0,0.5,2.3,2.3,8.3,6
Derrick Jones Jr.,SF,23,POR,0,24,23,650,3.8,7.9,0.476,0.9,3.4,0.274,2.8,4.5,0.63,1.7,2.7,0.612,2.4,3.8,6.3,0.9,1.1,1.2,0.9,3.4,10.1
Mason Jones,SG,22,HOU,0,18,1,201,5.9,12.9,0.458,3,7.3,0.415,2.9,5.6,0.516,3,5.6,0.548,0.5,5.9,6.4,4.3,1.1,0,3.8,3.2,17.9
Tre Jones,PG,21,SAS,0,9,0,27,8,16,0.5,1.3,1.3,1,6.7,14.7,0.455,6.7,6.7,1,5.3,0,5.3,1.3,0,0,2.7,2.7,24
Tyus Jones,PG,24,MEM,0,24,8,565,5,12.2,0.406,1.1,4.3,0.25,3.9,7.9,0.492,0.8,1,0.8,1,3.2,4.2,8.2,2,0.2,1.5,0.8,11.8
DeAndre Jordan,C,32,BRK,0,28,22,606,5.3,6.7,0.788,0,0,0,5.3,6.7,0.788,1.4,2.5,0.548,2.9,8.7,11.6,3.1,0.5,2.3,2.9,3.5,11.9
Cory Joseph,PG,29,SAC,0,27,1,534,4.9,10.4,0.471,1.2,3.7,0.327,3.7,6.7,0.55,1.3,1.8,0.741,0.7,3,3.8,4.4,1.5,0.4,2,4,12.4
Mfiondu Kabengele,PF,23,LAC,0,17,0,69,3.1,12,0.261,1,6.3,0.167,2.1,5.7,0.364,1.6,2.1,0.75,0.5,5.2,5.7,1.6,1,1,2.6,7.3,8.9
Frank Kaminsky,C,27,PHO,0,20,6,316,5.9,13.1,0.452,1.7,4.4,0.385,4.2,8.7,0.487,1.6,2.6,0.609,2.2,8,10.1,4.6,0.5,1.1,1.1,3.6,15.2
Enes Kanter,C,28,POR,0,28,16,702,7,12,0.581,0,0,0,7,12,0.581,2.5,3.3,0.754,5.9,10,15.9,1.6,0.8,1.1,1.7,3.6,16.5
Luke Kennard,SG,24,LAC,0,29,7,639,4.9,10.6,0.463,2.6,5.9,0.442,2.3,4.7,0.488,0.7,0.8,0.867,0.5,4.2,4.7,2.9,0.6,0.3,1.5,2.6,13.1
Maxi Kleber,PF,29,DAL,0,17,11,435,3.1,7.1,0.43,2.4,5.3,0.453,0.7,1.8,0.364,1.4,1.5,0.944,1.3,6.2,7.5,2.1,0.5,1.1,0.8,3.3,9.9
Nathan Knight,PF,23,ATL,0,9,0,54,6,14.7,0.409,2,6,0.333,4,8.7,0.462,4.7,5.3,0.875,5.3,4,9.3,0.7,1.3,2,2.7,4.7,18.7
Kevin Knox,SF,21,NYK,0,23,0,373,4.2,10.9,0.389,2.4,6.4,0.379,1.8,4.5,0.404,1,1.2,0.833,0.9,3.8,4.6,1.6,0.8,0.6,1.5,3.2,11.9
John Konchar,SG,24,MEM,0,16,0,264,3.3,7.6,0.429,1,3,0.318,2.3,4.6,0.5,2,2.2,0.938,2.2,6.1,8.3,2.5,2.5,0.7,1.1,3.1,9.5
Furkan Korkmaz,SG,23,PHI,0,18,1,351,5,13.3,0.377,2.5,7.7,0.32,2.6,5.6,0.455,1.4,1.6,0.875,0.4,4.3,4.7,1.4,1.3,0.2,1.7,2.1,13.9
Luke Kornet,PF,25,CHI,0,6,0,43,2.5,11.7,0.214,0.8,9.2,0.091,1.7,2.5,0.667,1.7,1.7,1,0,7.5,7.5,1.7,1.7,0.8,0.8,0.8,7.5
Rodions Kurucs,SF-PF,22,TOT,0,14,0,73,3,9.9,0.3,1.5,6.9,0.214,1.5,3,0.5,0.5,1,0.5,1,4.9,5.9,2,2.5,1,3.5,3.9,7.9
Rodions Kurucs,PF,22,BRK,0,5,0,16,2.3,6.8,0.333,2.3,4.5,0.5,0,2.3,0,0,0,0,0,6.8,6.8,4.5,0,0,0,2.3,6.8
Rodions Kurucs,SF,22,HOU,0,9,0,57,3.2,10.7,0.294,1.3,7.6,0.167,1.9,3.2,0.6,0.6,1.3,0.5,1.3,4.4,5.7,1.3,3.2,1.3,4.4,4.4,8.2
Kyle Kuzma,SF,25,LAL,0,29,7,724,6.2,13.7,0.453,2.4,6.6,0.361,3.8,7.1,0.538,0.8,1.3,0.615,2.5,6.1,8.7,1.6,0.4,0.9,1.8,2.2,15.6
Jeremy Lamb,SG,28,IND,0,16,8,401,5.9,11.7,0.508,2.8,5.6,0.5,3.1,6.1,0.515,3.2,3.5,0.923,1.3,4.9,6.2,2.3,1.3,0.7,1.3,3,17.9
Zach LaVine,SG,25,CHI,1,27,27,962,10.3,19.8,0.52,3.6,8.3,0.437,6.7,11.5,0.58,4.6,5.4,0.847,0.8,4.8,5.6,5.2,1.1,0.4,3.9,2.7,28.8
Jake Layman,SF,26,MIN,0,19,3,292,5.5,11.3,0.489,1.4,4.6,0.297,4.2,6.8,0.618,2.2,2.8,0.783,0.6,2.8,3.5,1.2,2.1,1.1,1.2,2.8,14.7
Jalen Lecque,PG,20,IND,0,3,0,9,4,16,0.25,0,4,0,4,12,0.333,12,12,1,4,12,16,8,0,0,0,0,20
Damion Lee,SG,28,GSW,0,29,0,561,3.9,8.9,0.432,2.6,7.1,0.373,1.2,1.9,0.655,1.3,1.4,0.909,0.8,5.5,6.2,2.8,1.1,0.2,0.8,3.1,11.6
Saben Lee,PG,21,DET,0,8,0,70,2.6,7.2,0.357,0,0.5,0,2.6,6.7,0.385,4.1,5.1,0.8,0.5,1,1.5,4.1,2.1,0.5,2.6,4.6,9.3
Alex Len,C,27,TOT,0,20,6,292,5.8,9.2,0.627,0.7,2.3,0.316,5.1,6.9,0.732,2.5,4.2,0.588,1.8,6.8,8.6,2.6,1,2.7,2.8,4.7,14.8
Alex Len,C,27,TOR,0,7,2,76,2.4,4.7,0.5,1.4,2.8,0.5,0.9,1.9,0.5,1.4,2.8,0.5,0,5.2,5.2,1.4,0.5,2.8,3.8,4.7,7.6
Alex Len,C,27,WAS,0,13,4,216,7,10.8,0.646,0.5,2.2,0.231,6.5,8.7,0.75,2.8,4.7,0.607,2.5,7.3,9.8,3,1.2,2.7,2.5,4.7,17.3
Kawhi Leonard,SF,29,LAC,1,23,23,792,10.2,19.9,0.513,2,5.1,0.389,8.2,14.7,0.556,5.6,6.4,0.879,0.9,5.3,6.1,5.2,1.9,0.6,1.9,1.5,28
Meyers Leonard,C,28,MIA,0,3,2,29,3.7,8.7,0.429,3.7,8.7,0.429,0,0,0,1.2,2.5,0.5,0,8.7,8.7,2.5,0,0,2.5,6.2,12.4
Caris LeVert,SG,26,BRK,0,12,4,334,9.4,21.6,0.435,2.4,6.8,0.349,7,14.8,0.474,2.8,3.7,0.765,1.1,4.5,5.6,7.8,1.4,0.6,2.8,2.2,23.9
Kira Lewis Jr.,PG,19,NOP,0,17,0,223,5.7,14,0.402,1.8,4.7,0.379,3.9,9.4,0.414,2.1,3.2,0.65,0.3,2.1,2.4,4.8,1.6,0.2,1.3,2.7,15.2
Damian Lillard,PG,30,POR,2,27,27,969,9.3,20.5,0.451,4.2,10.8,0.384,5.1,9.7,0.527,7.2,7.8,0.933,0.5,3.9,4.4,7.8,1.1,0.3,3.2,1.6,29.9
Nassir Little,PF,20,POR,0,13,2,141,5.6,10.2,0.55,2.8,4.6,0.611,2.8,5.6,0.5,2,2.3,0.889,2.6,4.1,6.6,0.8,0.5,1,1.8,2.8,16.1
Kevon Looney,C,24,GSW,0,21,5,308,3.9,6.2,0.623,0.2,0.6,0.4,3.6,5.6,0.646,1.1,1.5,0.692,3.7,6.4,10.2,4.3,0.8,0.7,1.6,4.3,9
Brook Lopez,C,32,MIL,0,28,28,760,5.2,11.2,0.46,2.2,6.1,0.359,3,5.2,0.578,1.8,2.1,0.841,2,4.7,6.7,0.8,0.6,1.8,1,2.6,14.3
Robin Lopez,C,32,WAS,0,26,9,505,5.8,9.8,0.591,0.3,0.9,0.333,5.5,8.9,0.616,2.9,4.3,0.672,4.1,3.7,7.8,1.8,0.4,1,1.9,3.6,14.8
Kevin Love,PF,32,CLE,0,2,2,46,4.7,14.1,0.333,2.3,7,0.333,2.3,7,0.333,3.1,3.9,0.8,1.6,7.8,9.4,3.9,0.8,0,2.3,0.8,14.9
Kyle Lowry,PG,34,TOR,0,25,25,859,6.2,13.8,0.452,2.9,7.5,0.388,3.4,6.4,0.526,3.2,3.6,0.874,0.8,4.9,5.7,6.7,1.2,0.2,3,3.3,18.6
Timothé Luwawu-Cabarrot,SF,25,BRK,0,30,5,590,4.8,11.8,0.404,2.7,7.5,0.366,2,4.3,0.471,1.1,1.5,0.75,1,3.4,4.4,2.3,1.2,0.3,1.3,2.9,13.4
Trey Lyles,PF,25,SAS,0,14,2,165,3.9,7.9,0.5,0.9,3.3,0.267,3.1,4.6,0.667,2,3.3,0.6,1.5,7.9,9.4,1.5,0,0,0,1.1,10.7
Thon Maker,C,23,CLE,0,8,0,76,4.7,8.5,0.556,0,0.9,0,4.7,7.6,0.625,4.7,5.2,0.909,3.8,4.7,8.5,1.9,0.9,1.9,1.4,3.3,14.2
Théo Maledon,PG,19,OKC,0,23,8,538,4.3,10.7,0.4,2.3,6,0.378,2,4.7,0.429,1.1,1.6,0.708,0.3,3.8,4.1,4.3,1.5,0.1,2.7,3.3,12
Karim Mané,PG,20,ORL,0,6,0,56,0.6,5.8,0.111,0.6,1.3,0.5,0,4.5,0,2.6,2.6,1,0,6.4,6.4,0.6,0,0.6,1.9,1.9,4.5
Terance Mann,SG,24,LAC,0,27,3,407,3.8,8.3,0.457,0.5,2.1,0.25,3.3,6.2,0.529,2.1,2.8,0.75,2.2,5.7,8,2.7,1.1,0.4,1.6,3.5,10.3
Nico Mannion,PG,19,GSW,0,6,0,36,3,13,0.231,2,9,0.222,1,4,0.25,1,4,0.25,0,8,8,12,2,0,2,5,9
Boban Marjanović,C,32,DAL,0,15,0,108,9.3,18,0.519,0,1,0,9.3,17,0.549,3,4.3,0.692,6.7,10,16.7,0.3,0,0,1,4,21.7
Lauri Markkanen,PF,23,CHI,0,14,14,426,8,15.6,0.514,3.4,8.5,0.396,4.6,7.1,0.655,3.2,3.8,0.844,0.7,6.5,7.2,1,0.8,0.4,2,2.6,22.6
Naji Marshall,SF,23,NOP,0,3,0,8,0,9,0,0,4.5,0,0,4.5,0,4.5,9,0.5,0,9,9,4.5,0,0,0,0,4.5
Caleb Martin,SF,25,CHO,0,23,1,363,5,11.8,0.42,1.5,5,0.3,3.5,6.8,0.507,1.4,2.5,0.56,1.9,4.5,6.3,2.9,2,0.7,1.6,2.5,12.8
Cody Martin,SF,25,CHO,0,17,0,159,4.5,8.6,0.526,0.7,2.9,0.231,3.8,5.7,0.68,1.8,2.3,0.8,2.3,5.4,7.7,3.6,1.6,0,2,2,11.5
Kelan Martin,SF,25,IND,0,11,0,43,5,15.1,0.333,1.7,6.7,0.25,3.3,8.4,0.4,0,0,0,0.8,8.4,9.2,0,1.7,0,3.3,3.3,11.7
Kenyon Martin Jr.,SF,20,HOU,0,7,0,69,5.2,14.1,0.37,0.5,2.1,0.25,4.7,12,0.391,1,2.6,0.4,4.2,5.7,9.9,2.1,1,2.6,2.6,4.7,12
Frank Mason III,G,26,ORL,0,4,1,79,4.1,10.9,0.375,0.9,2.3,0.4,3.2,8.7,0.368,2.3,3.2,0.714,1.4,4.1,5.5,5.5,0,0,2.3,3.2,11.4
Garrison Mathews,SG,24,WAS,0,20,4,322,4.1,10.6,0.389,3.2,8.5,0.382,0.9,2.1,0.421,4.1,4.6,0.902,0.9,2.5,3.4,1.1,2,0.4,0.3,3.6,15.7
Dakota Mathias,SG,25,PHI,0,8,2,123,5.6,14,0.396,2.3,7.6,0.308,3.2,6.4,0.5,0.6,1.8,0.333,0.3,1.8,2,3.8,0.3,0.9,0.3,2,14
Wesley Matthews,SG,34,LAL,0,22,1,449,2.9,7.2,0.4,2.2,5.9,0.384,0.6,1.4,0.471,1,1.2,0.8,0.6,1.8,2.4,2,0.8,0.6,0.6,2.6,9
Tyrese Maxey,SG,20,PHI,0,28,6,472,7.9,17.2,0.456,1.1,4.1,0.278,6.7,13.1,0.512,1.7,1.9,0.88,0.5,3.6,4,3.7,1.1,0.2,1.4,2.5,18.5
Skylar Mays,SG,23,ATL,0,10,0,68,6.4,14.3,0.444,2.6,6.4,0.417,3.7,7.9,0.467,4.8,5.3,0.9,1.6,2.6,4.2,3.7,1.1,0,0.5,1.6,20.1
CJ McCollum,SG,29,POR,0,13,13,440,10.1,21.3,0.473,5.2,11.7,0.441,4.9,9.6,0.513,3.1,3.7,0.844,0.6,3.6,4.2,5.3,1.4,0.3,1.1,2.3,28.4
T.J. McConnell,PG,28,IND,0,26,1,623,4,8,0.504,0.3,0.9,0.375,3.7,7.1,0.52,0.2,0.7,0.333,1,4,5,9.9,2.6,0.6,2.6,2.4,8.7
Jaden McDaniels,PF,20,MIN,0,23,1,431,3.9,9.9,0.398,2,5.3,0.381,1.9,4.6,0.418,0.5,1.3,0.4,1.3,5.2,6.4,1.9,0.7,2.1,1.6,4.8,10.4
Jalen McDaniels,SF,23,CHO,0,10,0,108,5.3,11,0.485,0.7,3,0.222,4.7,8,0.583,2.3,3.7,0.636,1.3,5.7,7,2,0.7,0,3,5,13.7
Doug McDermott,PF,29,IND,0,28,8,733,7.1,13.8,0.511,2.1,5.9,0.355,5,7.9,0.627,1.7,2.2,0.795,1.4,4.2,5.6,1.9,0.3,0.1,1.5,2.5,18
Sean McDermott,SF,24,MEM,0,6,0,92,2.7,5.9,0.467,1.6,4.3,0.364,1.2,1.6,0.75,1.6,1.6,1,1.2,2,3.1,1.2,0.4,0.4,1.2,1.6,8.6
JaVale McGee,C,33,CLE,0,20,1,313,7.1,15.5,0.459,0.6,1.8,0.313,6.6,13.7,0.479,3,5.1,0.591,3.9,9,12.9,2.3,1,2.8,2.9,5.6,17.8
Rodney McGruder,SG,29,DET,0,8,0,64,5.1,10.7,0.474,1.7,3.9,0.429,3.4,6.8,0.5,1.7,1.7,1,1.7,3.4,5.1,3.4,0,0.6,2.3,2.3,13.5
Alfonzo McKinnie,SF,28,LAL,0,14,0,44,8.2,13.1,0.625,2.5,4.1,0.6,5.7,9,0.636,1.6,3.3,0.5,4.9,4.9,9.8,0.8,0.8,0,0.8,3.3,20.5
Jordan McLaughlin,PG,24,MIN,0,17,0,310,4.3,10.9,0.394,1,2.8,0.375,3.3,8.1,0.4,0.8,1,0.778,1,3.4,4.4,9.2,2,0.3,2.3,1.5,10.5
Ben McLemore,SG,27,HOU,0,20,2,303,5.1,13.7,0.374,3.3,9.9,0.337,1.8,3.8,0.469,1.5,2.1,0.722,0.8,4.3,5.1,2.3,1.4,0.1,2.5,3.1,15.1
Nicolò Melli,PF,30,NOP,0,13,0,137,2.1,7.4,0.286,1.6,5.8,0.273,0.5,1.6,0.333,1.1,1.3,0.8,0.5,6.6,7.1,3.2,1.6,0.3,1.6,4.2,6.8
De'Anthony Melton,PG,22,MEM,0,12,0,258,6.7,14,0.48,2.7,6,0.442,4,8,0.509,0.7,1.1,0.625,0.6,4.5,5,5.3,1.5,1.7,2.4,3.5,16.7
Sam Merrill,SG,24,MIL,0,9,0,55,2.6,6.5,0.4,2.6,5.2,0.5,0,1.3,0,1.3,1.3,1,2,4.6,6.5,6.5,0.7,0,2,2,9.2
Chimezie Metu,C,23,SAC,0,11,0,71,7.6,15.2,0.5,0.5,1.5,0.333,7.1,13.7,0.519,3,4.6,0.667,5.6,6.1,11.7,2.5,1.5,3,3,5.1,18.8
Khris Middleton,SF,29,MIL,0,28,28,924,8.1,16,0.51,2.6,6,0.442,5.5,10,0.551,3.2,3.6,0.902,0.8,5.6,6.4,6.4,1.1,0.2,2.8,3,22.2
Darius Miller,SF,30,OKC,0,12,0,111,3.6,7.8,0.458,2.9,6.8,0.429,0.6,1,0.667,1,1,1,0.3,4.5,4.9,3.2,1.6,1.3,1.6,2.9,11
Patty Mills,PG,32,SAS,0,27,0,687,6.7,14.8,0.449,3.7,9.2,0.4,3,5.7,0.528,1.7,1.8,0.943,0.4,2.3,2.7,3.8,0.9,0.1,1.4,2,18.7
Paul Millsap,PF,35,DEN,0,26,26,621,5.7,11,0.524,1.9,4.5,0.41,3.9,6.4,0.604,2.4,3.4,0.695,2.4,5.4,7.8,2.5,1.3,0.8,1.5,3.1,15.7
Shake Milton,SG,24,PHI,0,22,1,536,7.3,16.1,0.452,1.5,4.8,0.306,5.8,11.2,0.515,4.7,5.4,0.875,0.8,2,2.8,4.4,1.1,0.3,2.3,3.3,20.7
Donovan Mitchell,SG,24,UTA,2,27,27,908,8.9,20.8,0.427,3.6,9.2,0.391,5.3,11.5,0.457,4.5,5.4,0.832,1,3.6,4.7,5.5,1,0.4,3.2,2.4,25.9
Adam Mokoka,SG,22,CHI,0,7,0,42,4.3,12,0.357,0.9,6.9,0.125,3.4,5.1,0.667,0,0,0,0.9,2.6,3.4,3.4,1.7,0.9,1.7,4.3,9.4
Malik Monk,SG,22,CHO,0,15,0,316,6.2,13.7,0.45,3.8,7.5,0.5,2.4,6.2,0.389,1.9,2.3,0.85,0.6,3.4,4,3.1,0.5,0.2,1.9,2.2,18
E'Twaun Moore,SG,31,PHO,0,14,1,227,5.1,11.6,0.438,0.8,3,0.263,4.3,8.6,0.5,1,1.3,0.75,0.8,2.4,3.2,3.5,1.7,0.2,2.1,3.5,11.9
Ja Morant,PG,21,MEM,0,16,16,484,8.1,17.7,0.458,1,3.9,0.25,7.1,13.8,0.516,5.1,6.4,0.802,0.9,2.8,3.6,9.8,1,0.3,3.8,1.7,22.3
Juwan Morgan,PF,23,UTA,0,12,0,64,3.4,7.3,0.462,1.7,5.1,0.333,1.7,2.3,0.75,0,1.7,0,1.7,5.6,7.3,1.7,1.7,0,1.1,6.2,8.4
Marcus Morris,PF,31,LAC,0,21,2,524,6.5,14.5,0.45,3.6,7.3,0.5,2.9,7.2,0.4,2.4,2.7,0.897,1.1,4.4,5.5,1.2,0.8,0.4,1.4,2.6,19.1
Markieff Morris,PF,31,LAL,0,23,2,353,3.7,9.5,0.387,2,6.3,0.323,1.6,3.2,0.516,1.3,1.8,0.722,1.4,6.7,8.2,2,0.4,0.6,1.2,3.5,10.7
Monte Morris,PG,25,DEN,0,27,3,701,5.8,11.8,0.489,1.7,4.5,0.391,4,7.3,0.549,1.7,2.4,0.702,0.4,2.6,2.9,4.6,0.9,0.4,0.9,1.1,14.9
Mychal Mulder,PG,26,GSW,0,28,1,303,4.8,10,0.476,3.8,8.6,0.444,1,1.4,0.667,0.8,1.3,0.636,0.1,3,3.1,1.4,0.7,0.7,0.6,3.2,14.1
Dejounte Murray,PG,24,SAS,0,27,27,821,7.3,16.4,0.447,1.2,3.9,0.315,6.1,12.5,0.488,2.1,2.5,0.81,0.7,7.8,8.5,6,1.8,0.1,2,2.5,17.9
Jamal Murray,PG,23,DEN,0,26,26,908,7.4,16.4,0.452,2.3,6.5,0.358,5.1,9.9,0.514,2.9,3.5,0.809,0.8,3.7,4.4,4.7,1.1,0.3,2.3,2.2,20
Mike Muscala,C,29,OKC,0,26,0,495,6.4,14.4,0.444,3.8,10,0.38,2.6,4.4,0.59,2.1,2.3,0.906,1,6,7,1.7,0.5,0.5,1.2,2.9,18.7
Sviatoslav Mykhailiuk,SF,23,DET,0,27,0,417,4.9,12.9,0.38,3.2,9.9,0.322,1.7,3,0.571,1.8,2.1,0.875,0.6,3.7,4.3,2.8,1.5,0.4,1.6,2,14.8
Abdel Nader,SF,27,PHO,0,12,0,172,6.5,13,0.5,2.1,5.2,0.4,4.4,7.7,0.568,2.9,3.8,0.778,0,6.1,6.1,2.3,1,0.2,1.7,2.7,18
Larry Nance Jr.,PF,28,CLE,0,19,18,635,4,8.2,0.483,1.4,3.6,0.381,2.6,4.6,0.561,0.7,1.2,0.571,1.5,5.8,7.3,3.5,2.1,0.6,1.6,2.3,10
Aaron Nesmith,SF,21,BOS,0,13,0,191,3,8.9,0.34,2.3,7.2,0.316,0.8,1.7,0.444,0.9,1.3,0.714,1.3,4.3,5.7,1.3,0,0.8,1.7,4.5,9.2
Raul Neto,PG,28,WAS,0,21,6,396,6,12.8,0.468,1.9,5.2,0.368,4.1,7.6,0.536,1.5,1.8,0.8,0.9,3.4,4.3,3.2,1.9,0.2,1.2,2.5,15.4
Georges Niang,PF,27,UTA,0,29,0,381,5,12.9,0.39,2.8,8.8,0.323,2.2,4.1,0.535,0.5,0.5,1,0.9,5.1,6,2.1,1,0.3,1.8,4.2,13.3
Zeke Nnaji,PF,20,DEN,0,15,0,112,5.1,10.3,0.5,3.2,6.4,0.5,1.9,3.9,0.5,0.6,1.3,0.5,1.6,2.6,4.2,0,0.3,0.3,0,2.3,14.1
Nerlens Noel,C,26,NYK,0,25,3,475,3.3,5.9,0.564,0,0.2,0,3.3,5.8,0.579,0.9,1.7,0.545,3.2,6.9,10.1,0.9,1.7,3.6,1.7,4.2,7.6
Jaylen Nowell,SG,21,MIN,0,15,0,236,8.1,17.7,0.457,2.6,7.3,0.354,5.5,10.4,0.529,3.4,4.3,0.786,1.2,2.7,4,2.1,0.9,0.6,1.4,4.1,22.1
Frank Ntilikina,PG,22,NYK,0,4,0,42,5.1,12,0.429,4.3,7.7,0.556,0.9,4.3,0.2,0.9,2.6,0.333,0.9,2.6,3.4,2.6,2.6,0,1.7,6,15.4
Kendrick Nunn,PG,25,MIA,0,20,8,567,6.8,14.3,0.473,2.4,6.9,0.349,4.4,7.4,0.59,1.3,1.5,0.875,0.6,3.5,4.1,2.9,1.4,0.3,2.6,2.3,17.3
Jusuf Nurkić,C,26,POR,0,12,12,280,6.4,13.2,0.485,0.4,1.5,0.25,6,11.7,0.516,1.9,3.5,0.556,3,8.9,11.8,4.2,1.4,1.4,3,4.2,15.2
David Nwaba,SF,28,HOU,0,24,9,560,5.2,10.8,0.482,0.9,3.4,0.264,4.3,7.4,0.583,2.2,3.2,0.68,1.9,3.8,5.7,1.7,1.7,1.2,1,3.2,13.5
Jordan Nwora,SF,22,MIL,0,10,0,82,7.5,16.2,0.459,3.5,7,0.5,4,9.2,0.429,4,4.4,0.9,0.4,6.1,6.6,0,1.8,0.9,4.4,4,22.4
Royce O'Neale,SF,27,UTA,0,29,29,944,3,6.4,0.462,1.9,4.5,0.429,1,1.9,0.54,0.8,1,0.846,1.3,6.3,7.6,2.5,0.9,0.7,1.3,3.2,8.7
Semi Ojeleye,PF,26,BOS,0,27,6,530,3.6,8.7,0.414,2.3,6.1,0.378,1.3,2.6,0.5,1.2,1.7,0.72,1.2,4.6,5.8,1.6,0.5,0,0.8,2.2,10.7
Jahlil Okafor,C,25,DET,0,12,0,120,7.5,12.6,0.595,0,0.9,0,7.5,11.7,0.641,0.3,0.6,0.5,3.9,4.2,8.1,0.9,0.6,0.6,1.2,3,15.3
Chuma Okeke,PF,22,ORL,0,13,0,282,2.8,7.4,0.379,1.1,3.7,0.31,1.7,3.7,0.448,0.4,0.8,0.5,2,3.6,5.6,3.4,1.4,0.5,1.1,1.7,7.1
Josh Okogie,SG,22,MIN,0,23,18,467,2.9,8.5,0.345,0.8,3.5,0.217,2.2,4.9,0.438,2.2,2.9,0.763,1.7,2.9,4.5,2.1,1.5,1.1,1.3,3.3,8.9
Onyeka Okongwu,C,20,ATL,0,9,1,93,3.9,7.4,0.526,0,0,0,3.9,7.4,0.526,2.7,4.6,0.583,2.3,7.4,9.7,1.5,1.5,2.3,1.9,5.8,10.5
Isaac Okoro,SG,20,CLE,0,24,24,792,3,7.7,0.388,0.7,2.9,0.25,2.3,4.8,0.472,1.4,2.1,0.674,1,1.6,2.6,2,1.2,0.5,1.5,3.1,8.1
KZ Okpala,PF,21,MIA,0,14,5,168,2.6,6.6,0.387,1.5,4.1,0.368,1.1,2.6,0.417,0.4,1.3,0.333,0.9,3.4,4.3,1.3,0.6,0.4,1.7,4.1,7.1
Victor Oladipo,SG,28,TOT,0,20,20,640,7.9,19.6,0.401,2.7,8.2,0.329,5.2,11.4,0.453,3,4.1,0.74,0.2,5.6,5.9,5.2,1.5,0.5,2.5,2.7,21.5
Victor Oladipo,SG,28,IND,0,9,9,300,7.7,18.2,0.421,3,8.3,0.362,4.7,10,0.47,3.2,4.4,0.73,0.1,6,6.1,4.6,1.8,0.2,2.2,2.8,21.6
Victor Oladipo,SG,28,HOU,0,11,11,340,8,20.9,0.386,2.4,8.2,0.299,5.6,12.7,0.442,2.9,3.8,0.75,0.3,5.3,5.6,5.7,1.3,0.6,2.8,2.6,21.4
Kelly Olynyk,C,29,MIA,0,27,22,703,5,11.7,0.424,2.9,8.5,0.343,2,3.2,0.635,0.8,1.1,0.714,1.4,6.6,8,2.8,1.1,0.9,1.8,3.6,13.6
Miye Oni,SG,23,UTA,0,23,0,185,1.9,6,0.323,1.8,5.1,0.346,0.2,1,0.2,1,1.2,0.833,2.3,5.6,8,1.2,0.6,0.8,1.4,5.1,6.6
Cedi Osman,SF,25,CLE,0,29,13,766,5.6,14.8,0.381,2.8,8.3,0.341,2.8,6.5,0.432,1.6,2,0.786,0.9,3.6,4.6,3.5,1.2,0.1,1.4,2.9,15.7
Daniel Oturu,C,21,LAC,0,10,0,42,7.7,12.9,0.6,0,0.9,0,7.7,12,0.643,1.7,1.7,1,4.3,7.7,12,3.4,0,2.6,1.7,5.1,17.1
Kelly Oubre Jr.,SF,25,GSW,0,29,29,853,6.4,15.5,0.41,2,6.5,0.31,4.3,9,0.484,2.7,3.5,0.759,1.7,5.5,7.2,1.7,1.4,1,1.7,2.9,17.4
Eric Paschall,PF,24,GSW,0,26,2,459,8,15.8,0.507,0.9,2.8,0.333,7.1,12.9,0.545,3.5,4.9,0.714,1.8,5.1,6.9,2.6,0.4,0.2,1.6,3.5,20.5
Anžejs Pasečņiks,C,25,WAS,0,1,0,6,0,6,0,0,6,0,0,0,0,0,0,0,6,0,6,6,0,0,30,12,0
Patrick Patterson,PF,31,LAC,0,10,1,130,4.4,10.5,0.421,2.8,7.8,0.357,1.7,2.8,0.6,0.8,1.1,0.75,1.1,4.4,5.5,1.4,0.8,0.3,1.9,3.6,12.5
Chris Paul,PG,35,PHO,2,26,26,843,7.3,14.9,0.489,1.6,4.4,0.369,5.6,10.5,0.539,2.9,3,0.972,0.6,4.6,5.2,9.1,1.4,0.3,2.6,3,19.1
Cameron Payne,PG,26,PHO,0,16,0,275,5.4,11.7,0.461,2,5,0.395,3.4,6.7,0.51,1.2,1.2,1,0.3,3.7,3.9,7.6,1.2,0.4,2.5,4.3,13.9
Elfrid Payton,PG,26,NYK,0,30,30,831,6.8,15.3,0.441,0.6,2.4,0.25,6.2,12.9,0.477,1.8,2.5,0.719,1.6,3.3,5,4.6,0.8,0.3,2.5,2.6,15.9
Norvel Pelle,F-C,27,BRK,0,3,0,28,3.9,9,0.429,0,0,0,3.9,9,0.429,0,0,0,3.9,5.1,9,0,0,3.9,3.9,11.6,7.7
Reggie Perry,PF,20,BRK,0,14,0,147,5.1,12.5,0.412,0.5,2.9,0.167,4.7,9.6,0.487,1.5,2.2,0.667,4.2,8.3,12.5,2.9,0.5,1.2,2.7,6.6,12.2
Theo Pinson,SG,25,NYK,0,9,0,21,1.7,12,0.143,0,10.3,0,1.7,1.7,1,0,0,0,0,1.7,1.7,0,0,0,0,5.1,3.4
Mason Plumlee,C,30,DET,0,26,26,726,5.4,9.1,0.596,0,0.2,0,5.4,8.8,0.612,2.3,3.4,0.691,3.9,7.5,11.4,4.4,1.2,0.8,2.6,4.6,13.1
Jakob Poeltl,C,25,SAS,0,27,9,600,4.8,7.9,0.611,0,0,0,4.8,7.9,0.611,0.7,2.3,0.316,4.9,6.5,11.3,2.8,1,2.5,1.9,3.4,10.3
Vincent Poirier,C,27,PHI,0,4,0,18,2,6,0.333,0,0,0,2,6,0.333,4,8,0.5,4,4,8,2,0,4,2,2,8
Aleksej Pokusevski,PF,19,OKC,0,17,0,296,2.8,11.3,0.247,1.2,6.8,0.179,1.6,4.5,0.351,0,0,0,0.6,6.7,7.3,2.6,1,2.3,2.7,1.9,6.8
Jordan Poole,SG,21,GSW,0,15,0,143,6.5,15.4,0.426,3.3,9.8,0.333,3.3,5.5,0.591,4.5,4.8,0.947,0.5,4,4.5,3.3,0.8,0.5,2,3.5,20.9
Michael Porter Jr.,SF,22,DEN,0,18,11,486,6.8,14.4,0.474,2.8,7.6,0.373,4,6.8,0.587,1.8,2.2,0.8,1.6,6.6,8.1,1.4,1.4,1.6,1.4,3,18.2
Otto Porter,SF,27,CHI,0,16,6,372,6.2,13.9,0.444,2.7,6.8,0.4,3.5,7.2,0.486,2.9,3.5,0.833,1.9,7.7,9.7,3.1,0.9,0.3,1.5,2.4,18
Bobby Portis,C,25,MIL,0,28,1,610,8.3,14.9,0.556,1.8,3.7,0.484,6.5,11.2,0.579,1.1,1.7,0.679,3.2,8.8,12,1.8,1.5,0.6,1.2,3.2,19.4
Kristaps Porziņģis,C,25,DAL,0,17,17,509,9.3,19.7,0.473,2.7,7.6,0.352,6.6,12.1,0.55,3.3,3.9,0.855,2.5,7.4,9.9,1.6,0.4,1.9,1.5,4,24.7
Dwight Powell,C,29,DAL,0,17,6,277,3.1,6.1,0.511,0.1,0.9,0.143,3,5.2,0.575,4,5.8,0.689,2.6,5.3,7.9,2.1,1.7,0.8,1.4,5.3,10.4
Norman Powell,SG,27,TOR,0,26,15,735,7,15.1,0.464,2.9,6.8,0.424,4.1,8.3,0.497,3.8,4.4,0.876,0.5,3.1,3.7,1.9,1.4,0.2,1.8,2.5,20.7
Taurean Prince,PF,26,TOT,0,27,10,592,4.6,11.8,0.392,2.3,5.8,0.4,2.3,6,0.384,2.7,3.2,0.849,0.7,5.2,6,2.8,1.2,1.2,1.9,3,14.3
Taurean Prince,PF,26,BRK,0,12,4,218,5,12.2,0.405,2.1,6.1,0.351,2.8,6.1,0.459,4,4.5,0.889,0.3,5.3,5.6,1.2,1.3,1.3,1.8,3.5,16
Taurean Prince,PF,26,CLE,0,15,6,374,4.4,11.6,0.383,2.4,5.6,0.431,2,6,0.339,2,2.5,0.808,1,5.2,6.2,3.8,1.1,1.1,1.9,2.8,13.3
Payton Pritchard,SG,23,BOS,0,22,1,472,5,10.6,0.475,2.4,5.9,0.41,2.6,4.7,0.557,0.9,1,0.923,0.8,3.3,4.1,4,1,0.4,2.1,3.4,13.4
Immanuel Quickley,PG,21,NYK,0,26,0,505,7.2,18.2,0.395,3.1,8.6,0.367,4.1,9.7,0.419,5.4,5.7,0.95,0.7,3.6,4.3,4.9,0.8,0.6,1.7,3.8,23
Jahmi'us Ramsey,SG,19,SAC,0,4,0,16,4.5,9,0.5,2.3,6.8,0.333,2.3,2.3,1,0,0,0,0,9,9,2.3,0,2.3,2.3,0,11.3
Chasson Randle,G,27,ORL,0,1,0,19,1.9,7.6,0.25,0,3.8,0,1.9,3.8,0.5,0,0,0,0,3.8,3.8,9.5,0,0,1.9,7.6,3.8
Julius Randle,PF,26,NYK,1,30,30,1101,7.9,16.5,0.48,1.8,4.4,0.407,6.1,12.1,0.507,5,6.3,0.802,1.3,9.3,10.7,5.4,0.7,0.2,3.2,3,22.7
Cam Reddish,SF,21,ATL,0,24,19,692,4.7,12.6,0.376,1.6,6.1,0.265,3.1,6.5,0.48,3.2,4,0.805,1,4,4.9,1.8,1.4,0.4,1.7,3.3,14.3
J.J. Redick,SG,36,NOP,0,25,0,456,5,13.2,0.377,3.4,9.2,0.368,1.6,3.9,0.4,2.8,2.8,0.972,0.2,2.8,3,2.2,0.6,0.2,1.6,2.4,16.1
Paul Reed,PF,21,PHI,0,5,0,55,5.9,14.4,0.409,0,2,0,5.9,12.4,0.474,0,0,0,4.6,2,6.5,2,0.7,2.6,3.3,2.6,11.8
Naz Reid,C,21,MIN,0,27,13,581,8.1,15.5,0.524,1.8,4.5,0.397,6.3,11,0.576,2.9,3.9,0.73,2.2,5.9,8.2,2.2,1.1,2,1.9,5.2,20.9
Nick Richards,PF,23,CHO,0,8,0,23,4.7,9.4,0.5,0,0,0,4.7,9.4,0.5,7.8,9.4,0.833,3.1,6.3,9.4,0,0,0,1.6,6.3,17.2
Josh Richardson,SG,27,DAL,0,19,19,601,5,11.7,0.423,1.7,5.9,0.296,3.2,5.9,0.551,2.5,2.7,0.933,1.1,2.2,3.3,3.1,1,0.2,1.6,3.4,14.2
Austin Rivers,SG,28,NYK,0,21,2,442,4.7,11,0.43,2.3,6.3,0.364,2.4,4.7,0.517,0.8,1.1,0.714,0.4,3.4,3.8,3.4,1,0,1.8,2.6,12.5
Duncan Robinson,SF,26,MIA,0,28,28,931,4.4,10.5,0.415,3.5,9,0.389,0.9,1.5,0.579,1.4,1.6,0.854,0,4.1,4.1,1.7,0.5,0.3,1.6,2.4,13.6
Glenn Robinson III,SF,27,SAC,0,22,1,346,4.2,9.7,0.43,1.7,4.5,0.372,2.5,5.2,0.48,2.2,2.4,0.913,0.7,3,3.7,2.1,0.3,0.3,1,2.2,12.2
Jerome Robinson,SG,23,WAS,0,13,3,221,3.6,10.9,0.328,1.5,5,0.29,2.1,5.9,0.361,2.4,2.8,0.882,0.3,5,5.4,2.9,1,0.3,1.8,3.4,11.1
Mitchell Robinson,C,22,NYK,0,27,27,778,4.8,7.2,0.66,0,0,0,4.8,7.2,0.66,1,2.1,0.478,4.5,6,10.5,0.6,1.5,1.9,1,3.6,10.6
Isaiah Roby,PF,22,OKC,0,22,9,445,6,11.1,0.54,0.9,2.8,0.314,5.1,8.3,0.618,2.3,3.4,0.69,2.9,6.3,9.2,2.8,1.2,1.1,1.9,4.5,15.2
Rajon Rondo,PG,34,ATL,0,14,2,214,3.2,9.3,0.345,1.3,4.4,0.308,1.9,4.9,0.379,0.2,0.3,0.5,0.7,4.7,5.4,9.1,1.5,0.2,3.2,2.2,7.9
Derrick Rose,PG,32,TOT,0,20,0,445,8.1,18.9,0.427,1.3,3.9,0.333,6.8,15,0.452,4.3,5.1,0.841,0.6,2.9,3.5,6.5,1.9,0.6,3,1.7,21.8
Derrick Rose,PG,32,DET,0,15,0,342,8.3,19.4,0.429,1.4,4.1,0.333,6.9,15.3,0.455,4.4,5.3,0.84,0.6,2.4,3.1,6.6,1.9,0.4,3.1,1.8,22.4
Derrick Rose,G,32,NYK,0,5,0,103,7.3,17.5,0.42,1,3.1,0.333,6.3,14.3,0.439,3.8,4.5,0.846,0.3,4.5,4.9,5.9,1.7,1,2.8,1.4,19.6
Terrence Ross,SG,29,ORL,0,28,1,806,6.9,16.6,0.414,2.5,7.1,0.346,4.4,9.5,0.465,2.9,3.3,0.892,0.4,3.7,4,2.7,1.2,0.7,2.3,2.5,19.2
Terry Rozier,SG,26,CHO,0,26,26,867,8.1,16.4,0.49,3.7,8.3,0.445,4.4,8.1,0.536,2.4,3,0.795,0.6,3.8,4.4,3.3,1.4,0.5,1.9,2.1,22.2
Ricky Rubio,PG,30,MIN,0,27,12,679,3.6,9.6,0.37,0.8,3.1,0.276,2.7,6.5,0.415,2.3,2.8,0.83,0.6,4.2,4.8,9.3,1.8,0,3,3.2,10.3
D'Angelo Russell,PG,24,MIN,0,20,19,583,8.6,20.1,0.426,3.6,9.1,0.399,4.9,11,0.449,3,4,0.75,0.6,2.7,3.2,6.2,1.4,0.6,3.3,2.4,23.8
Domantas Sabonis,PF,24,IND,1,29,29,1055,8.1,15.3,0.528,1,2.8,0.358,7.1,12.6,0.565,4.1,5.8,0.71,2.8,8.7,11.5,5.7,1,0.6,3.3,3.5,21.3
Luka Šamanić,PF,21,SAS,0,4,0,11,6.5,19.6,0.333,6.5,9.8,0.667,0,9.8,0,3.3,6.5,0.5,0,0,0,0,0,0,0,0,22.9
JaKarr Sampson,PF,27,IND,0,13,0,78,5.1,11.5,0.44,0,1.4,0,5.1,10.2,0.5,3.7,4.6,0.8,3.2,8.8,12,0,0.5,1.4,1.4,4.2,13.8
Dario Šarić,PF,26,PHO,0,10,0,181,7,15.9,0.438,2.2,7,0.314,4.8,9,0.533,4.6,4.8,0.958,1.4,6.6,8,2.4,2,0.4,2.8,4,20.7
Tomáš Satoranský,SG,29,CHI,0,16,0,320,4.1,8.2,0.493,1.2,2.8,0.44,2.8,5.4,0.521,2.1,2.4,0.905,0.6,4.3,4.8,8.8,1.1,0.3,2.7,2.4,11.5
Dennis Schröder,SG,27,LAL,0,29,29,902,5.9,13.3,0.441,1.1,3.6,0.311,4.7,9.7,0.49,3.6,4.4,0.82,0.7,3.5,4.2,5,1.1,0.2,2.6,3.1,16.5
Mike Scott,PF,32,PHI,0,11,3,193,3,9,0.333,2.1,7.1,0.289,0.9,1.9,0.5,0.4,0.6,0.667,0.7,4.7,5.4,0.2,0.6,0.4,0.9,2.8,8.4
Collin Sexton,SG,22,CLE,0,24,24,847,8.6,17.7,0.484,1.5,3.7,0.407,7.1,14.1,0.505,4.5,5.7,0.805,0.8,1.8,2.6,4.3,1.1,0.2,2.5,3,23.2
Landry Shamet,SG,23,BRK,0,26,0,494,4.4,11.8,0.377,3,8.6,0.347,1.5,3.2,0.455,2.1,2.4,0.879,0.4,2.6,2.9,2.6,0.9,0.3,1.5,2.5,14
Pascal Siakam,PF,26,TOR,0,25,25,895,7.7,16.9,0.455,1.2,4.2,0.298,6.4,12.7,0.506,4.1,5.1,0.797,2.2,5.6,7.8,4.5,1.2,0.6,2.3,3.1,20.7
Chris Silva,PF,24,MIA,0,6,0,53,4.1,6.1,0.667,0.7,0.7,1,3.4,5.4,0.625,6.8,8.2,0.833,4.8,7.5,12.2,4.1,0.7,1.4,5.4,9.5,15.6
Ben Simmons,PG,24,PHI,1,25,25,835,6.3,11.2,0.562,0,0.3,0.167,6.3,11,0.571,3.8,5.7,0.667,1.7,7.2,8.9,8.7,1.8,0.9,3.6,3.4,16.4
Anfernee Simons,SG,21,POR,0,25,0,447,6.1,14.8,0.413,4.4,10.6,0.42,1.7,4.3,0.396,1.5,1.9,0.826,0.5,4.2,4.7,2.5,0.5,0.4,1.7,3.4,18.2
Deividas Sirvydis,SG,20,DET,0,4,0,5,0,14.4,0,0,14.4,0,0,0,0,0,0,0,0,0,0,7.2,0,0,0,0,0
Marcus Smart,PG,26,BOS,0,17,17,549,4.9,12.3,0.394,1.8,5.9,0.311,3,6.4,0.469,3,4.1,0.742,0.5,2.6,3.1,6.8,2,0.6,2,2.6,14.6
Dennis Smith Jr.,PG,23,TOT,0,7,0,85,4.7,14,0.333,0.8,5.1,0.167,3.8,8.9,0.429,3.4,4.2,0.8,0.8,2.5,3.4,4.7,1.3,0.4,2.1,2.1,13.6
Dennis Smith Jr.,PG,23,NYK,0,3,0,28,2.6,12.9,0.2,0,5.1,0,2.6,7.7,0.333,6.4,7.7,0.833,0,2.6,2.6,3.9,3.9,0,1.3,5.1,11.6
Dennis Smith Jr.,G,23,DET,0,4,0,57,5.7,14.5,0.391,1.3,5.1,0.25,4.4,9.5,0.467,1.9,2.5,0.75,1.3,2.5,3.8,5.1,0,0.6,2.5,0.6,14.5
Ish Smith,PG,32,WAS,0,19,1,391,4.1,10.7,0.379,0.5,1.8,0.25,3.6,8.8,0.406,0.6,1.4,0.4,0.9,5.2,6.1,8.3,1.4,0.4,1.7,1.7,9.1
Jalen Smith,PF,20,PHO,0,8,0,50,4.3,12.2,0.353,1.4,5,0.286,2.9,7.2,0.4,0,1.4,0,3.6,3.6,7.2,1.4,0,1.4,0.7,2.2,10.1
Tony Snell,SG,29,ATL,0,15,0,193,3,7.5,0.4,2.6,5.4,0.483,0.4,2.1,0.182,0,0,0,1.1,3.4,4.5,2.6,0.2,0.4,1.1,2.6,8.6
Ray Spalding,F,23,HOU,0,2,0,19,3.8,7.6,0.5,0,1.9,0,3.8,5.7,0.667,0,3.8,0,3.8,3.8,7.6,0,0,3.8,5.7,5.7,7.6
Cassius Stanley,SG,21,IND,0,8,0,23,3.1,11,0.286,1.6,3.1,0.5,1.6,7.8,0.2,6.3,7.8,0.8,3.1,1.6,4.7,0,0,3.1,1.6,11,14.1
Lamar Stevens,PF,23,CLE,0,18,0,265,4.2,10.5,0.403,0.3,2,0.133,3.9,8.4,0.468,2.4,3.7,0.667,1,5.3,6.2,2.6,1.1,0.7,1.1,3,11.1
Isaiah Stewart,C,19,DET,0,26,2,466,4.4,8.4,0.523,0.1,0.3,0.25,4.3,8.1,0.533,1.6,2.3,0.7,4.9,5.9,10.8,1.3,1,1.9,1.5,5.5,10.5
Max Strus,SF,24,MIA,0,16,0,235,6.3,12.1,0.519,4.1,9.8,0.422,2.1,2.3,0.933,1.1,1.4,0.778,0.2,2.5,2.6,1.2,0.3,0,0.5,2.9,17.8
Edmond Sumner,SG,25,IND,0,16,4,150,5.8,11.5,0.5,1.2,3.8,0.313,4.6,7.7,0.594,2.2,3.4,0.643,1.4,3.6,5,1.9,1.9,0.2,2.4,4.1,14.9
Jae'Sean Tate,SF,25,HOU,0,28,18,763,5.3,9.6,0.549,0.9,2.7,0.328,4.4,6.9,0.637,1.6,2.2,0.717,2.2,4.5,6.7,2.4,1.2,0.8,1.6,3.9,13
Jayson Tatum,SF,22,BOS,1,23,23,810,9.6,21.3,0.449,2.8,7.2,0.389,6.8,14.1,0.479,4.5,5.1,0.886,0.6,6.6,7.2,4.8,1.3,0.4,2.5,1.9,26.4
Jeff Teague,PG,32,BOS,0,23,3,397,3.8,11.8,0.323,1.5,3.4,0.421,2.4,8.3,0.283,2.4,2.7,0.9,0.6,2.7,3.4,4.2,1.9,0.3,2.3,2.2,11.5
Garrett Temple,SG,34,CHI,0,26,5,715,4.2,9.9,0.426,2,5.6,0.36,2.2,4.3,0.512,1.1,1.4,0.815,0.7,3.4,4,2.6,1.4,0.7,1.4,3.2,11.6
Tyrell Terry,PG,20,DAL,0,11,0,56,3.2,10.3,0.313,0,4.5,0,3.2,5.8,0.556,0.6,1.9,0.333,0,3.9,3.9,3.9,3.2,0,1.3,1.3,7.1
Daniel Theis,C,28,BOS,0,26,21,623,5.5,9.7,0.571,1.3,3.4,0.397,4.2,6.4,0.664,1.6,2.4,0.683,2,5.7,7.7,2.1,0.9,1.5,1.6,4.3,14
Brodric Thomas,SG,24,HOU,0,4,0,24,3,10.5,0.286,1.5,9,0.167,1.5,1.5,1,7.5,10.5,0.714,1.5,4.5,6,6,1.5,1.5,6,7.5,15
Matt Thomas,SG,26,TOR,0,14,0,84,4.7,12,0.393,3.9,9,0.429,0.9,3,0.286,1.7,1.7,1,0.4,3.4,3.9,2.6,0.9,0,1.7,2.1,15
Tristan Thompson,PF,29,BOS,0,26,21,586,4.5,9,0.507,0,0.1,0,4.5,8.8,0.514,2,3.3,0.611,4.7,8.6,13.3,1.3,0.6,0.6,1.5,3.6,11.1
Sindarius Thornwell,SG,26,NOP,0,10,1,51,3.5,8.5,0.417,2.1,4.2,0.5,1.4,4.2,0.333,0,1.4,0,0.7,1.4,2.1,1.4,2.8,0,0.7,2.1,9.2
Matisse Thybulle,SG,23,PHI,0,26,1,461,2.5,6.5,0.386,1.2,4.1,0.288,1.3,2.4,0.548,0.5,0.9,0.5,0.6,2,2.7,1.6,3.2,1.7,0.6,4.1,6.6
Xavier Tillman Sr.,PF,22,MEM,0,19,6,402,5.8,10.7,0.546,0.8,2.1,0.375,5,8.5,0.589,1.1,1.4,0.75,2.3,5.3,7.6,2.8,1.7,1.1,1.5,4.3,13.5
Obi Toppin,PF,22,NYK,0,20,0,240,6,12.4,0.482,1.6,5.5,0.297,4.3,6.9,0.63,1,1.5,0.7,0.7,6.4,7.2,1.4,0.6,1.4,1.5,2.5,14.7
Juan Toscano-Anderson,SG,27,GSW,0,16,10,349,4.3,7.7,0.56,1.1,2.7,0.423,3.2,5.1,0.633,1,1.4,0.714,1.2,6.6,7.8,3.7,0.9,1.1,1.8,3.7,10.8
Karl-Anthony Towns,C,25,MIN,0,9,9,298,8.3,16.4,0.507,2.2,5.1,0.429,6.2,11.4,0.543,4.8,5.2,0.93,3.4,8.1,11.5,3.6,1.1,2.1,3,3.6,23.7
Gary Trent Jr.,SG,22,POR,0,26,13,785,6.6,14.9,0.44,3.9,8.6,0.447,2.7,6.3,0.431,1.3,1.7,0.784,0.6,1.9,2.5,1.7,0.9,0.2,0.8,1.8,18.3
P.J. Tucker,PF,35,HOU,0,26,26,780,1.9,5.2,0.375,1.1,3.4,0.329,0.8,1.8,0.462,0.6,0.8,0.824,1.2,4.3,5.5,1.7,1,0.6,1.2,3.6,5.6
Myles Turner,C,24,IND,0,27,27,842,5.4,10.8,0.498,1.7,5.1,0.325,3.7,5.7,0.654,2.8,3.6,0.776,1.5,6.1,7.6,1.2,1.2,4,1.6,4.2,15.3
Jonas Valančiūnas,C,28,MEM,0,19,18,522,8.6,14.6,0.585,0.6,1.4,0.381,8,13.2,0.607,4,5.3,0.753,4.2,9.9,14.1,2.7,0.8,1,2.8,4.3,21.7
Denzel Valentine,SG,27,CHI,0,23,3,462,5.7,14.6,0.388,3.4,8.9,0.377,2.3,5.8,0.405,0.5,0.5,1,0.6,6.4,7,3.2,1.3,0.1,1,2.3,15.2
Jarred Vanderbilt,PF,21,MIN,0,27,10,517,4.7,7.9,0.602,0.1,0.1,0.5,4.7,7.7,0.604,1.8,3.6,0.51,3.5,7.8,11.3,3.3,2.1,1.3,1.7,4.2,11.4
Fred VanVleet,SG,26,TOR,0,28,28,1020,6.8,16.4,0.417,3.2,8.6,0.377,3.6,7.8,0.462,3.2,3.6,0.892,0.7,3.5,4.2,6.5,1.7,0.7,2,2.2,20.2
Devin Vassell,SF,20,SAS,0,26,1,451,4,10.1,0.397,2,5,0.397,2,5,0.397,1.4,1.7,0.857,1.3,5.3,6.6,2.2,2.3,0.7,1,2.6,11.4
Gabe Vincent,PG,24,MIA,0,18,5,292,5.1,14.3,0.353,2.1,8.8,0.239,3,5.5,0.533,1.8,2.1,0.882,0.5,2.2,2.7,3.3,0.9,0.1,2.2,4.4,14.1
Noah Vonleh,F,25,BRK,0,3,0,8,0,9,0,0,4.5,0,0,4.5,0,0,0,0,0,4.5,4.5,4.5,0,0,9,9,0
Nikola Vucevic,C,30,ORL,1,29,29,974,10,21,0.476,2.8,6.7,0.414,7.2,14.3,0.505,2.3,2.8,0.816,2.2,10.2,12.4,3.7,1.2,0.6,1.8,1.8,25.1
Dean Wade,PF,24,CLE,0,23,0,192,3.2,9.2,0.347,2.1,6.2,0.333,1.1,3,0.375,0.7,0.9,0.8,1.5,3.9,5.4,1.9,0.9,0.4,1.9,3,9.2
Moritz Wagner,C,23,WAS,0,14,3,191,6,10.2,0.593,1.1,3.4,0.333,4.9,6.8,0.722,3,4.7,0.64,1.1,7,8.1,2.5,1.7,0.8,1.5,6.8,16.2
Kemba Walker,PG,30,BOS,0,13,13,364,7,19.3,0.364,3.4,9.4,0.358,3.7,9.9,0.37,3.7,4.1,0.902,0.7,4.1,4.7,5.1,1.4,0.2,2.9,1.7,21.1
Lonnie Walker,SG,22,SAS,0,25,22,666,5.5,13.5,0.406,2.1,5.9,0.355,3.4,7.5,0.446,1.5,1.9,0.8,0.3,3.7,3.9,2.3,0.6,0.5,1.4,2.9,14.5
John Wall,PG,30,HOU,0,19,19,591,8.6,19.5,0.441,2.4,6.8,0.351,6.2,12.7,0.488,4.1,5.5,0.744,0.6,3.7,4.3,7.2,1.2,0.8,4,1.6,23.6
Brad Wanamaker,PG,31,GSW,0,29,0,465,3,9,0.336,0.8,3.5,0.222,2.2,5.5,0.408,2.9,3.3,0.884,0.5,3.6,4,6,1.8,0.3,1.9,3.3,9.8
T.J. Warren,SF,27,IND,0,4,4,117,8.3,15.7,0.529,0,2.2,0,8.3,13.5,0.614,2.5,3.1,0.8,0.6,3.7,4.3,1.5,0.6,0,1.2,4.9,19.1
P.J. Washington,PF,22,CHO,0,24,24,691,5.1,12,0.42,1.4,4.1,0.329,3.7,7.9,0.467,2.5,3.4,0.738,2.1,6.1,8.2,3.8,1.1,1.6,2.6,3.4,14
Yuta Watanabe,SF,26,TOR,0,18,0,223,2.9,8.2,0.353,1.9,4.5,0.429,1,3.7,0.261,1.3,1.3,1,2.6,6.9,9.5,1.1,1.5,1.8,1.3,3.1,9
Tremont Waters,PG,23,BOS,0,9,1,90,2.4,10.8,0.222,1.2,4.8,0.25,1.2,6,0.2,2.8,3.2,0.875,0.8,2.4,3.2,10,2,0,5.2,2.4,8.8
Paul Watson,SF,26,TOR,0,13,0,42,7.7,12,0.643,6.9,9.4,0.727,0.9,2.6,0.333,0,0,0,0.9,6.9,7.7,1.7,0,1.7,0.9,6,22.3
Quinndary Weatherspoon,SG,24,SAS,0,5,0,24,1.5,7.5,0.2,0,1.5,0,1.5,6,0.25,3,3,1,0,3,3,4.5,1.5,0,9,10.5,6
Russell Westbrook,PG,32,WAS,0,19,19,631,7.9,19.4,0.406,1.3,4.5,0.295,6.6,14.9,0.439,3.4,5.5,0.619,1.9,8.3,10.2,10.3,0.9,0.4,5.4,3.1,20.5
Coby White,PG,20,CHI,0,27,27,904,6,14.8,0.403,2.5,7.3,0.35,3.4,7.5,0.455,2.1,2.4,0.867,0.4,4.7,5.1,5.8,0.4,0.1,2.6,2.6,16.6
Derrick White,SG,26,SAS,0,8,4,189,6.5,16.4,0.395,2.9,8.4,0.341,3.6,8,0.452,2.1,2.9,0.733,0.2,2.5,2.7,5.9,1.5,1.5,1.3,3.4,17.9
Hassan Whiteside,C,31,SAC,0,20,0,296,8.5,13.7,0.619,0,0.1,0,8.5,13.6,0.625,3.3,6.2,0.529,3.8,10,13.7,1.1,0.7,3.3,2.3,4.3,20.3
Andrew Wiggins,PF,25,GSW,0,29,29,934,7.5,16.1,0.468,2.2,5.8,0.373,5.4,10.3,0.521,2.6,3.9,0.67,1.2,4.2,5.3,2.4,0.8,1.5,2,2.7,19.8
Grant Williams,PF,22,BOS,0,24,6,462,3.6,7.9,0.451,1.7,4.1,0.415,1.9,3.8,0.49,1.2,2.3,0.517,1.9,3.8,5.7,1.8,0.9,0.8,1.8,5.5,10.1
Kenrich Williams,PF,26,OKC,0,28,6,512,4.6,8.5,0.537,1.1,2.4,0.441,3.5,6.1,0.575,0.8,1.3,0.632,2.8,4.9,7.7,3.4,1.5,0.4,1.8,3.4,11
Lou Williams,PG,34,LAC,0,28,3,626,7.1,16.7,0.423,1.7,4.5,0.38,5.3,12.2,0.439,4,4.7,0.854,0.6,3.3,3.9,6.3,1.3,0.2,2.5,1.7,19.9
Patrick Williams,PF,19,CHI,0,26,26,720,4.8,10.5,0.455,1.1,2.9,0.397,3.6,7.7,0.477,2.3,2.9,0.797,1.1,4.8,5.9,1.4,0.9,0.9,1.9,2.9,13.1
Robert Williams,C,23,BOS,0,21,0,317,6.4,8.7,0.727,0,0.1,0,6.4,8.6,0.737,1.8,2.7,0.667,5.2,7.4,12.6,1.8,2.5,2.7,2.5,3.9,14.5
Zion Williamson,PF,20,NOP,2,27,27,880,10.6,17.2,0.618,0.2,0.7,0.375,10.4,16.6,0.627,6.1,8.6,0.718,2.7,4.8,7.5,3.4,1.1,0.8,2.5,2.9,27.7
D.J. Wilson,PF,24,MIL,0,10,0,94,5.4,14.2,0.378,3.1,8.8,0.348,2.3,5.4,0.429,0.4,0.8,0.5,1.1,7.3,8.4,1.1,0.4,1.1,1.5,4.6,14.2
Dylan Windler,SF,24,CLE,0,15,0,262,4.3,8.9,0.477,1.8,5.8,0.31,2.5,3.2,0.783,2.1,2.3,0.882,1.5,6.2,7.7,2.5,1.2,1.1,2.1,2.6,12.4
Cassius Winston,PG,22,WAS,0,6,0,44,3.3,8.2,0.4,2.5,5.7,0.429,0.8,2.5,0.333,1.6,1.6,1,0,3.3,3.3,4.9,0,0.8,0.8,3.3,10.6
James Wiseman,C,19,GSW,0,20,16,419,8.4,16.8,0.503,0.8,1.9,0.409,7.6,14.9,0.514,3.3,5.2,0.623,2.6,7.9,10.5,1.2,0.7,2.2,2.7,5.4,20.9
Christian Wood,C,25,HOU,0,17,17,530,10.1,18.1,0.558,2.2,5.2,0.421,7.9,13,0.613,3,4.3,0.688,2.1,9.7,11.8,1.5,1.1,1.8,2.1,2.2,25.4
Robert Woodard,SF,21,SAC,0,6,0,17,12.7,23.3,0.545,2.1,6.4,0.333,10.6,16.9,0.625,0,4.2,0,6.4,10.6,16.9,0,0,0,2.1,0,27.5
Delon Wright,SG,28,DET,0,28,23,823,4.5,10,0.456,1,3,0.353,3.5,7,0.5,2.7,3.5,0.785,1.4,4.3,5.7,6,1.7,0.7,1.5,1.3,12.9
Thaddeus Young,PF,32,CHI,0,23,0,592,7.2,12.2,0.587,0.3,1.3,0.238,6.9,10.9,0.628,1,2.1,0.5,3.4,4.7,8.1,6.1,1.9,0.7,2.9,4.1,15.7
Trae Young,PG,22,ATL,0,26,26,901,7.9,18.3,0.429,2.4,6.4,0.369,5.5,11.9,0.462,9.4,10.6,0.887,0.7,3.3,4,9.6,0.8,0.3,4.4,2.1,27.5
Cody Zeller,C,28,CHO,0,15,12,361,6.3,12,0.525,0.3,1.6,0.188,6,10.4,0.577,2.2,2.9,0.759,3.9,8.1,12,3.7,1,0.9,1.4,3.7,15.1
Ivica Zubac,C,23,LAC,0,30,1,586,5.8,8.7,0.669,0,0.1,0,5.8,8.7,0.674,3.7,4.4,0.845,4.2,8,12.2,2,0.7,1.5,1.8,4.8,15.4